Avg_syn_flag,Avg_urg_flag,Avg_fin_flag,Avg_ack_flag,Avg_psh_flag,Avg_rst_flag,Avg_DNS_pkt,Avg_TCP_pkt,Avg_UDP_pkt,Avg_ICMP_pkt,Duration_window_flow,Avg_delta_time,Min_delta_time,Max_delta_time,StDev_delta_time,Avg_pkts_lenght,Min_pkts_lenght,Max_pkts_lenght,StDev_pkts_lenght,Avg_small_payload_pkt,Avg_payload,Min_payload,Max_payload,StDev_payload,Avg_DNS_over_TCP,Label
0.0,0.0,1.0,0.0,0.0,0.0,0.0,1.0,0.0,0.0,0.04462909698486328,0.01115727424621582,0.007111072540283203,0.017724037170410156,0.004570641611936244,1190.0,54.0,1474.0,635.0433056099403,0.2,1136.0,0.0,1420.0,635.0433056099403,0.0,0.0
0.0,0.0,0.8,0.2,0.0,0.0,0.0,1.0,0.0,0.0,0.05621600151062012,0.01405400037765503,0.004930019378662109,0.022322893142700195,0.007175057287772452,954.0,54.0,1474.0,717.0774016799023,0.2,900.0,0.0,1420.0,717.0774016799023,0.0,0.0
0.0,0.0,0.8,0.2,0.0,0.0,0.0,1.0,0.0,0.0,0.04763603210449219,0.011909008026123047,0.007765054702758789,0.019731998443603516,0.005327498579259567,1230.0,254.0,1474.0,545.6005865099487,0.0,1176.0,200.0,1420.0,545.6005865099487,0.0,0.0
0.0,0.0,0.8,0.2,0.0,0.0,0.0,1.0,0.0,0.0,0.05769801139831543,0.014424502849578857,0.009139060974121094,0.017669200897216797,0.003734630476835711,360.8,54.0,1474.0,624.2525130105605,0.6,306.8,0.0,1420.0,624.2525130105605,0.0,0.0
0.0,0.0,0.8,0.2,0.0,0.0,0.0,1.0,0.0,0.0,0.04955005645751953,0.012387514114379883,0.007833003997802734,0.016627073287963867,0.0036372527842255193,1214.0,174.0,1474.0,581.3776741499453,0.0,1160.0,120.0,1420.0,581.3776741499453,0.0,0.0
0.0,0.0,1.0,0.0,0.0,0.0,0.0,1.0,0.0,0.0,0.03706502914428711,0.009266257286071777,0.006494998931884766,0.012061119079589844,0.002276366269234934,1474.0,1474.0,1474.0,0.0,0.0,1420.0,1420.0,1420.0,0.0,0.0,0.0
0.0,0.0,1.0,0.0,0.0,0.0,0.0,1.0,0.0,0.0,0.04146695137023926,0.010366737842559814,0.00804901123046875,0.01505899429321289,0.0032234913571438446,1474.0,1474.0,1474.0,0.0,0.0,1420.0,1420.0,1420.0,0.0,0.0,0.0
0.0,0.0,1.0,0.0,0.0,0.0,0.0,1.0,0.0,0.0,0.04099297523498535,0.010248243808746338,0.007498979568481445,0.014883995056152344,0.0033793287157460315,1190.0,54.0,1474.0,635.0433056099403,0.2,1136.0,0.0,1420.0,635.0433056099403,0.0,0.0
0.0,0.0,1.0,0.0,0.0,0.0,0.0,1.0,0.0,0.0,0.0360410213470459,0.009010255336761475,0.006566047668457031,0.012150049209594727,0.002330254270160594,1474.0,1474.0,1474.0,0.0,0.0,1420.0,1420.0,1420.0,0.0,0.0,0.0
0.0,0.0,0.8,0.2,0.0,0.0,0.0,1.0,0.0,0.0,0.06257104873657227,0.015642762184143066,0.009231090545654297,0.024658918380737305,0.006890937365398972,1082.0,54.0,1474.0,620.4192131131981,0.2,1028.0,0.0,1420.0,620.4192131131981,0.0,0.0
0.0,0.0,1.0,0.0,0.0,0.0,0.0,1.0,0.0,0.0,0.034368038177490234,0.008592009544372559,0.006279945373535156,0.011195182800292969,0.0022573792509079675,1474.0,1474.0,1474.0,0.0,0.0,1420.0,1420.0,1420.0,0.0,0.0,0.0
0.0,0.0,1.0,0.0,0.0,0.0,0.0,1.0,0.0,0.0,0.03852105140686035,0.009630262851715088,0.006613969802856445,0.013118982315063477,0.002843774734856439,1474.0,1474.0,1474.0,0.0,0.0,1420.0,1420.0,1420.0,0.0,0.0,0.0
0.0,0.0,1.0,0.0,0.0,0.0,0.0,1.0,0.0,0.0,0.03430294990539551,0.008575737476348877,0.008121013641357422,0.009803056716918945,0.0008190039774100117,1474.0,1474.0,1474.0,0.0,0.0,1420.0,1420.0,1420.0,0.0,0.0,0.0
0.0,0.0,0.8,0.2,0.0,0.0,0.0,1.0,0.0,0.0,0.04685807228088379,0.011714518070220947,0.0076830387115478516,0.016067981719970703,0.003463880195303006,774.0,54.0,1474.0,710.3520254071217,0.4,720.0,0.0,1420.0,710.3520254071217,0.0,0.0
0.0,0.0,1.0,0.0,0.0,0.0,0.0,1.0,0.0,0.0,0.045067787170410156,0.011266946792602539,0.009912967681884766,0.01199483871459961,0.0009236756085278163,1190.0,54.0,1474.0,635.0433056099403,0.2,1136.0,0.0,1420.0,635.0433056099403,0.0,0.0
0.0,0.0,1.0,0.0,0.0,0.0,0.0,1.0,0.0,0.0,0.06727194786071777,0.016817986965179443,0.008761882781982422,0.023733139038085938,0.006703255508577076,1474.0,1474.0,1474.0,0.0,0.0,1420.0,1420.0,1420.0,0.0,0.0,0.0
0.0,0.0,0.8,0.2,0.0,0.0,0.0,1.0,0.0,0.0,0.04114103317260742,0.010285258293151855,0.0022478103637695312,0.01658320426940918,0.005982639359516036,1002.0,54.0,1474.0,668.2215201563026,0.2,948.0,0.0,1420.0,668.2215201563026,0.0,0.0
0.0,0.0,0.8,0.2,0.0,0.0,0.0,1.0,0.0,0.0,0.03986811637878418,0.009967029094696045,0.00766301155090332,0.015716075897216797,0.0038433999693292206,346.2,54.0,1474.0,630.6934279029709,0.6,292.2,0.0,1420.0,630.6934279029709,0.0,0.0
0.0,0.0,1.0,0.0,0.0,0.0,0.0,1.0,0.0,0.0,0.057810068130493164,0.014452517032623291,0.009544134140014648,0.023277997970581055,0.006141474066921702,906.2,54.0,1474.0,777.4922507652407,0.4,852.2,0.0,1420.0,777.4922507652407,0.0,0.0
0.0,0.0,1.0,0.0,0.0,0.0,0.0,1.0,0.0,0.0,0.041517019271850586,0.010379254817962646,0.0037660598754882812,0.014317989349365234,0.00484567293029825,1474.0,1474.0,1474.0,0.0,0.0,1420.0,1420.0,1420.0,0.0,0.0,0.0
0.0,0.0,1.0,0.0,0.0,0.0,0.0,1.0,0.0,0.0,0.05983710289001465,0.014959275722503662,0.009443998336791992,0.02173614501953125,0.006172593466172056,1474.0,1474.0,1474.0,0.0,0.0,1420.0,1420.0,1420.0,0.0,0.0,0.0
0.0,0.0,0.8,0.2,0.0,0.0,0.0,1.0,0.0,0.0,0.03378796577453613,0.008446991443634033,0.00726008415222168,0.009881973266601562,0.0012098582275519565,1358.8,898.0,1474.0,257.59503100797576,0.0,1304.8,844.0,1420.0,257.59503100797576,0.0,0.0
0.0,0.0,0.8,0.2,0.0,0.0,0.0,1.0,0.0,0.0,0.03706789016723633,0.009266972541809082,0.004392147064208984,0.013305902481079102,0.00444090489723187,638.0,54.0,1474.0,763.8586256631525,0.4,584.0,0.0,1420.0,763.8586256631525,0.0,0.0
0.0,0.0,1.0,0.0,0.0,0.0,0.0,1.0,0.0,0.0,0.054132938385009766,0.013533234596252441,0.00445103645324707,0.019194841384887695,0.0070076339990994265,1474.0,1474.0,1474.0,0.0,0.0,1420.0,1420.0,1420.0,0.0,0.0,0.0
0.0,0.0,1.0,0.0,0.0,0.0,0.0,1.0,0.0,0.0,0.05784487724304199,0.014461219310760498,0.0070989131927490234,0.0243680477142334,0.007541264949433935,1474.0,1474.0,1474.0,0.0,0.0,1420.0,1420.0,1420.0,0.0,0.0,0.0
0.0,0.0,1.0,0.0,0.0,0.0,0.0,1.0,0.0,0.0,0.05921196937561035,0.014802992343902588,0.008274078369140625,0.020699024200439453,0.005435391463488535,906.0,54.0,1474.0,777.7660316573359,0.4,852.0,0.0,1420.0,777.7660316573359,0.0,0.0
0.0,0.0,1.0,0.0,0.0,0.0,0.0,1.0,0.0,0.0,0.045722007751464844,0.011430501937866211,0.004906892776489258,0.016991138458251953,0.005036417890377956,1474.0,1474.0,1474.0,0.0,0.0,1420.0,1420.0,1420.0,0.0,0.0,0.0
0.0,0.0,1.0,0.0,0.0,0.0,0.0,1.0,0.0,0.0,0.050720930099487305,0.012680232524871826,0.00715184211730957,0.0175478458404541,0.004263057848767203,1474.0,1474.0,1474.0,0.0,0.0,1420.0,1420.0,1420.0,0.0,0.0,0.0
0.0,0.0,1.0,0.0,0.0,0.0,0.0,1.0,0.0,0.0,0.0411069393157959,0.010276734828948975,0.0075910091400146484,0.012650012969970703,0.002082978874443271,1474.0,1474.0,1474.0,0.0,0.0,1420.0,1420.0,1420.0,0.0,0.0,0.0
0.0,0.0,1.0,0.0,0.0,0.0,0.0,1.0,0.0,0.0,0.04520583152770996,0.01130145788192749,0.009154796600341797,0.01241302490234375,0.001500876048326286,1190.0,54.0,1474.0,635.0433056099403,0.2,1136.0,0.0,1420.0,635.0433056099403,0.0,0.0
0.0,0.0,0.8,0.2,0.0,0.0,0.0,1.0,0.0,0.0,0.054499149322509766,0.013624787330627441,0.009279012680053711,0.017354965209960938,0.004016500067876432,940.6,54.0,1474.0,732.9446090940297,0.2,886.6,0.0,1420.0,732.9446090940297,0.0,0.0
0.0,0.0,1.0,0.0,0.0,0.0,0.0,1.0,0.0,0.0,0.04989790916442871,0.012474477291107178,0.003473043441772461,0.019737958908081055,0.007995021637036944,1474.0,1474.0,1474.0,0.0,0.0,1420.0,1420.0,1420.0,0.0,0.0,0.0
0.0,0.0,0.8,0.2,0.0,0.0,0.0,1.0,0.0,0.0,0.05579495429992676,0.01394873857498169,0.010110139846801758,0.018959999084472656,0.004239734296181079,978.0,54.0,1474.0,690.9992764106197,0.2,924.0,0.0,1420.0,690.9992764106197,0.0,0.0
0.0,0.0,1.0,0.0,0.0,0.0,0.0,1.0,0.0,0.0,0.04430794715881348,0.01107698678970337,0.0073699951171875,0.015066146850585938,0.0031597821342545245,1474.0,1474.0,1474.0,0.0,0.0,1420.0,1420.0,1420.0,0.0,0.0,0.0
0.0,0.0,1.0,0.0,0.0,0.0,0.0,1.0,0.0,0.0,0.03659391403198242,0.009148478507995605,0.003454923629760742,0.014391899108886719,0.004477492555634857,1474.0,1474.0,1474.0,0.0,0.0,1420.0,1420.0,1420.0,0.0,0.0,0.0
0.0,0.0,1.0,0.0,0.0,0.0,0.0,1.0,0.0,0.0,0.06516504287719727,0.016291260719299316,0.0063021183013916016,0.030375003814697266,0.010472231169162273,906.0,54.0,1474.0,777.7660316573359,0.4,852.0,0.0,1420.0,777.7660316573359,0.0,0.0
0.0,0.0,1.0,0.0,0.0,0.0,0.0,1.0,0.0,0.0,0.0586700439453125,0.014667510986328125,0.00757908821105957,0.02268195152282715,0.0078711164312001,906.0,54.0,1474.0,777.7660316573359,0.4,852.0,0.0,1420.0,777.7660316573359,0.0,0.0
0.0,0.0,1.0,0.0,0.0,0.0,0.0,1.0,0.0,0.0,0.043344974517822266,0.010836243629455566,0.0031080245971679688,0.024585962295532227,0.009490764915337268,1474.0,1474.0,1474.0,0.0,0.0,1420.0,1420.0,1420.0,0.0,0.0,0.0
0.0,0.0,1.0,0.0,0.0,0.0,0.0,1.0,0.0,0.0,0.034010887145996094,0.008502721786499023,0.002774953842163086,0.014903068542480469,0.005098637702900024,1474.0,1474.0,1474.0,0.0,0.0,1420.0,1420.0,1420.0,0.0,0.0,0.0
0.0,0.0,1.0,0.0,0.0,0.0,0.0,1.0,0.0,0.0,0.041092872619628906,0.010273218154907227,0.008693933486938477,0.011553049087524414,0.0014977912967691642,1474.0,1474.0,1474.0,0.0,0.0,1420.0,1420.0,1420.0,0.0,0.0,0.0
0.0,0.0,1.0,0.0,0.0,0.0,0.0,1.0,0.0,0.0,0.05054903030395508,0.01263725757598877,0.007691860198974609,0.017821073532104492,0.0044082496589660305,1190.0,54.0,1474.0,635.0433056099403,0.2,1136.0,0.0,1420.0,635.0433056099403,0.0,0.0
0.0,0.0,1.0,0.0,0.0,0.0,0.0,1.0,0.0,0.0,0.057270050048828125,0.014317512512207031,0.008491992950439453,0.021404027938842773,0.005459346132357559,1474.0,1474.0,1474.0,0.0,0.0,1420.0,1420.0,1420.0,0.0,0.0,0.0
0.0,0.0,1.0,0.0,0.0,0.0,0.0,1.0,0.0,0.0,0.0535888671875,0.013397216796875,0.007796049118041992,0.020746946334838867,0.0054437982894744085,1474.0,1474.0,1474.0,0.0,0.0,1420.0,1420.0,1420.0,0.0,0.0,0.0
0.0,0.0,1.0,0.0,0.0,0.0,0.0,1.0,0.0,0.0,0.0417940616607666,0.01044851541519165,0.00808405876159668,0.012692928314208984,0.002026377935223878,1474.0,1474.0,1474.0,0.0,0.0,1420.0,1420.0,1420.0,0.0,0.0,0.0
0.0,0.0,1.0,0.0,0.0,0.0,0.0,1.0,0.0,0.0,0.05467987060546875,0.013669967651367188,0.011716842651367188,0.017091989517211914,0.0023534391940054156,1190.0,54.0,1474.0,635.0433056099403,0.2,1136.0,0.0,1420.0,635.0433056099403,0.0,0.0
0.0,0.0,1.0,0.0,0.0,0.0,0.0,1.0,0.0,0.0,0.050058841705322266,0.012514710426330566,0.00952911376953125,0.018175840377807617,0.003936718679776374,1190.0,54.0,1474.0,635.0433056099403,0.2,1136.0,0.0,1420.0,635.0433056099403,0.0,0.0
0.0,0.0,1.0,0.0,0.0,0.0,0.0,1.0,0.0,0.0,0.049154043197631836,0.012288510799407959,0.009371042251586914,0.015413045883178711,0.002798044211188088,1190.0,54.0,1474.0,635.0433056099403,0.2,1136.0,0.0,1420.0,635.0433056099403,0.0,0.0
0.0,0.0,1.0,0.0,0.0,0.0,0.0,1.0,0.0,0.0,0.051817893981933594,0.012954473495483398,0.009744882583618164,0.01794910430908203,0.003517121889940658,1474.0,1474.0,1474.0,0.0,0.0,1420.0,1420.0,1420.0,0.0,0.0,0.0
0.0,0.0,1.0,0.0,0.0,0.0,0.0,1.0,0.0,0.0,0.04572105407714844,0.01143026351928711,0.008944988250732422,0.01353001594543457,0.0023308347150226946,1474.0,1474.0,1474.0,0.0,0.0,1420.0,1420.0,1420.0,0.0,0.0,0.0
0.0,0.0,1.0,0.0,0.0,0.0,0.0,1.0,0.0,0.0,0.04079604148864746,0.010199010372161865,0.007704973220825195,0.012498140335083008,0.002371672514623132,1190.0,54.0,1474.0,635.0433056099403,0.2,1136.0,0.0,1420.0,635.0433056099403,0.0,0.0
0.0,0.0,1.0,0.0,0.0,0.0,0.0,1.0,0.0,0.0,0.043582916259765625,0.010895729064941406,0.00677800178527832,0.015054941177368164,0.0038139646889678654,1474.0,1474.0,1474.0,0.0,0.0,1420.0,1420.0,1420.0,0.0,0.0,0.0
0.0,0.0,1.0,0.0,0.0,0.0,0.0,1.0,0.0,0.0,0.045063018798828125,0.011265754699707031,0.006627082824707031,0.015631914138793945,0.0045076522554975745,1474.0,1474.0,1474.0,0.0,0.0,1420.0,1420.0,1420.0,0.0,0.0,0.0
0.0,0.0,1.0,0.0,0.0,0.0,0.0,1.0,0.0,0.0,0.04530692100524902,0.011326730251312256,0.00613093376159668,0.016993999481201172,0.004531936129333392,1474.0,1474.0,1474.0,0.0,0.0,1420.0,1420.0,1420.0,0.0,0.0,0.0
0.0,0.0,1.0,0.0,0.0,0.0,0.0,1.0,0.0,0.0,0.05210685729980469,0.013026714324951172,0.007805824279785156,0.02041316032409668,0.005683127183253788,1190.0,54.0,1474.0,635.0433056099403,0.2,1136.0,0.0,1420.0,635.0433056099403,0.0,0.0
0.0,0.0,1.0,0.0,0.0,0.0,0.0,1.0,0.0,0.0,0.0487668514251709,0.012191712856292725,0.008866071701049805,0.015619993209838867,0.00290336759467831,1474.0,1474.0,1474.0,0.0,0.0,1420.0,1420.0,1420.0,0.0,0.0,0.0
0.0,0.0,1.0,0.0,0.0,0.0,0.0,1.0,0.0,0.0,0.05203700065612793,0.013009250164031982,0.009053945541381836,0.019939899444580078,0.004775325133213418,906.0,54.0,1474.0,777.7660316573359,0.4,852.0,0.0,1420.0,777.7660316573359,0.0,0.0
0.0,0.0,1.0,0.0,0.0,0.0,0.0,1.0,0.0,0.0,0.04502296447753906,0.011255741119384766,0.008445978164672852,0.01383209228515625,0.002333241355923243,1474.0,1474.0,1474.0,0.0,0.0,1420.0,1420.0,1420.0,0.0,0.0,0.0
0.0,0.0,1.0,0.0,0.0,0.0,0.0,1.0,0.0,0.0,0.041586875915527344,0.010396718978881836,0.0065729618072509766,0.014684915542602539,0.003323794069680705,1474.0,1474.0,1474.0,0.0,0.0,1420.0,1420.0,1420.0,0.0,0.0,0.0
0.0,0.0,1.0,0.0,0.0,0.0,0.0,1.0,0.0,0.0,0.039836883544921875,0.009959220886230469,0.00634002685546875,0.01596999168395996,0.004334590486949752,1474.0,1474.0,1474.0,0.0,0.0,1420.0,1420.0,1420.0,0.0,0.0,0.0
0.0,0.0,1.0,0.0,0.0,0.0,0.0,1.0,0.0,0.0,0.04829597473144531,0.012073993682861328,0.004155874252319336,0.018625974655151367,0.006818494652199827,1190.0,54.0,1474.0,635.0433056099403,0.2,1136.0,0.0,1420.0,635.0433056099403,0.0,0.0
0.0,0.0,1.0,0.0,0.0,0.0,0.0,1.0,0.0,0.0,0.031048059463500977,0.007762014865875244,0.002262115478515625,0.011893987655639648,0.0041284758984095875,1474.0,1474.0,1474.0,0.0,0.0,1420.0,1420.0,1420.0,0.0,0.0,0.0
0.0,0.0,1.0,0.0,0.0,0.0,0.0,1.0,0.0,0.0,0.0343019962310791,0.008575499057769775,0.006100893020629883,0.010648965835571289,0.001874926327272716,1474.0,1474.0,1474.0,0.0,0.0,1420.0,1420.0,1420.0,0.0,0.0,0.0
0.0,0.0,1.0,0.0,0.0,0.0,0.0,1.0,0.0,0.0,0.03911304473876953,0.009778261184692383,0.0029129981994628906,0.016746044158935547,0.0056502309656697985,1474.0,1474.0,1474.0,0.0,0.0,1420.0,1420.0,1420.0,0.0,0.0,0.0
0.0,0.0,1.0,0.0,0.0,0.0,0.0,1.0,0.0,0.0,0.038754940032958984,0.009688735008239746,0.006697893142700195,0.011487960815429688,0.002080069084979002,1190.0,54.0,1474.0,635.0433056099403,0.2,1136.0,0.0,1420.0,635.0433056099403,0.0,0.0
0.0,0.0,1.0,0.0,0.0,0.0,0.0,1.0,0.0,0.0,0.03811812400817871,0.009529531002044678,0.007866859436035156,0.011281013488769531,0.0017838175189798808,1474.0,1474.0,1474.0,0.0,0.0,1420.0,1420.0,1420.0,0.0,0.0,0.0
0.0,0.2,0.4,0.4,0.0,0.0,0.0,1.0,0.0,0.0,0.08592510223388672,0.02148127555847168,0.009392976760864258,0.031378984451293945,0.009300182957663052,340.4,54.0,1455.0,623.2249192707236,0.8,286.4,0.0,1401.0,623.2249192707236,0.0,0.0
0.2,0.2,0.4,0.2,0.0,0.0,0.0,1.0,0.0,0.0,0.3076961040496826,0.07692402601242065,0.0064280033111572266,0.13481998443603516,0.06583342882326416,62.6,54.0,85.0,13.557285864065861,1.0,6.2,0.0,31.0,13.863621460498697,0.0,0.0
0.2,0.2,0.4,0.2,0.0,0.0,0.0,1.0,0.0,0.0,0.050425052642822266,0.012606263160705566,0.0066950321197509766,0.019634008407592773,0.006036875554729211,158.2,54.0,571.0,230.76871538403987,0.8,103.4,0.0,517.0,231.20942887347826,0.0,0.0
0.0,0.2,0.6,0.2,0.0,0.0,0.0,1.0,0.0,0.0,0.22330713272094727,0.055826783180236816,0.009321928024291992,0.14162707328796387,0.05940041592968237,86.2,54.0,214.0,71.44368411553256,0.8,32.2,0.0,160.0,71.44368411553256,0.0,0.0
0.4,0.0,0.4,0.2,0.0,0.0,0.0,1.0,0.0,0.0,0.20604181289672852,0.05151045322418213,0.006646871566772461,0.18155312538146973,0.0867116457722735,69.0,54.0,105.0,21.0,0.8,10.2,0.0,51.0,22.807893370497855,0.0,0.0
0.2,0.0,0.6,0.2,0.0,0.0,0.0,1.0,0.0,0.0,0.1261441707611084,0.0315360426902771,0.006920814514160156,0.10238409042358398,0.047249900378423,99.8,54.0,278.0,99.63031667118196,0.8,45.0,0.0,224.0,100.0649788887201,0.0,0.0
0.2,0.0,0.6,0.2,0.0,0.0,0.0,1.0,0.0,0.0,0.04167509078979492,0.01041877269744873,0.00695490837097168,0.013459205627441406,0.0028014121393717573,99.6,54.0,278.0,99.74367147844518,0.8,44.8,0.0,224.0,100.17584539199058,0.0,0.0
0.0,0.0,0.8,0.2,0.0,0.0,0.0,1.0,0.0,0.0,0.04944014549255371,0.012360036373138428,0.008135080337524414,0.021090030670166016,0.005989256914060982,87.4,54.0,219.0,73.56833557992188,0.8,33.4,0.0,165.0,73.56833557992188,0.0,0.0
0.0,0.0,0.4,0.6,0.0,0.0,0.0,1.0,0.0,0.0,0.10799384117126465,0.026998460292816162,0.006443977355957031,0.07408499717712402,0.03157903000444097,117.0,54.0,219.0,68.24587899646396,0.4,63.0,0.0,165.0,68.24587899646396,0.0,0.0
0.0,0.0,0.8,0.2,0.0,0.0,0.0,1.0,0.0,0.0,0.04752397537231445,0.011880993843078613,0.004324913024902344,0.01808309555053711,0.0056952875862529544,221.8,54.0,891.0,374.0945067760285,0.8,167.8,0.0,837.0,374.0945067760285,0.0,0.0
0.0,0.0,1.0,0.0,0.0,0.0,0.0,1.0,0.0,0.0,0.04588794708251953,0.011471986770629883,0.008549928665161133,0.019108057022094727,0.005102728398797608,54.4,54.0,55.0,0.5477225575051661,1.0,0.4,0.0,1.0,0.5477225575051661,0.0,0.0
0.0,0.0,0.8,0.2,0.0,0.0,0.0,1.0,0.0,0.0,0.05600118637084961,0.014000296592712402,0.008138179779052734,0.023524999618530273,0.007003792437815265,93.8,54.0,251.0,87.87889393932993,0.8,39.8,0.0,197.0,87.87889393932993,0.0,0.0
0.0,0.0,1.0,0.0,0.0,0.0,0.0,1.0,0.0,0.0,0.2569911479949951,0.06424778699874878,0.0060749053955078125,0.1453101634979248,0.06464744682375835,54.4,54.0,55.0,0.5477225575051661,1.0,0.4,0.0,1.0,0.5477225575051661,0.0,0.0
0.0,0.0,0.8,0.2,0.0,0.0,0.0,1.0,0.0,0.0,0.26702117919921875,0.06675529479980469,0.004588127136230469,0.17017793655395508,0.0775882747201856,119.8,54.0,381.0,146.0160950032564,0.8,65.8,0.0,327.0,146.0160950032564,0.0,0.0
0.0,0.0,0.8,0.2,0.0,0.0,0.0,1.0,0.0,0.0,0.30202603340148926,0.07550650835037231,0.0039670467376708984,0.2550039291381836,0.12047393085345985,346.2,54.0,1474.0,630.6934279029709,0.6,292.2,0.0,1420.0,630.6934279029709,0.0,0.0
0.0,0.0,0.8,0.2,0.0,0.0,0.0,1.0,0.0,0.0,0.048071861267089844,0.012017965316772461,0.007649898529052734,0.014904022216796875,0.003302164289389868,1169.2,54.0,1474.0,625.0401587098224,0.2,1115.2,0.0,1420.0,625.0401587098224,0.0,0.0
0.0,0.0,0.8,0.2,0.0,0.0,0.0,1.0,0.0,0.0,0.0387570858001709,0.009689271450042725,0.005407094955444336,0.01804804801940918,0.005812573417405732,930.0,54.0,1474.0,746.1099114741742,0.2,876.0,0.0,1420.0,746.1099114741742,0.0,0.0
0.0,0.0,0.8,0.2,0.0,0.0,0.0,1.0,0.0,0.0,0.04110097885131836,0.01027524471282959,0.0028519630432128906,0.015027999877929688,0.005489286496609502,638.0,54.0,1474.0,763.8586256631525,0.4,584.0,0.0,1420.0,763.8586256631525,0.0,0.0
0.0,0.0,0.8,0.2,0.0,0.0,0.0,1.0,0.0,0.0,0.03818511962890625,0.009546279907226562,0.007652997970581055,0.011501789093017578,0.0017274406851493088,922.0,54.0,1474.0,756.3861447699845,0.2,868.0,0.0,1420.0,756.3861447699845,0.0,0.0
0.0,0.0,0.6,0.4,0.0,0.0,0.0,1.0,0.0,0.0,0.04566502571105957,0.011416256427764893,0.007796049118041992,0.01674509048461914,0.004343038257150803,646.0,54.0,1474.0,756.3861447699845,0.2,592.0,0.0,1420.0,756.3861447699845,0.0,0.0
0.0,0.0,0.6,0.4,0.0,0.0,0.0,1.0,0.0,0.0,0.062016963958740234,0.015504240989685059,0.011883974075317383,0.01755499839782715,0.0025174133955939886,638.0,54.0,1474.0,763.3347889360211,0.2,584.0,0.0,1420.0,763.3347889360211,0.0,0.0
0.0,0.0,0.8,0.2,0.0,0.0,0.0,1.0,0.0,0.0,0.04275202751159668,0.01068800687789917,0.008579015731811523,0.013154983520507812,0.002071597145277151,346.0,54.0,1474.0,630.8090043745412,0.6,292.0,0.0,1420.0,630.8090043745412,0.0,0.0
0.0,0.0,0.8,0.2,0.0,0.0,0.0,1.0,0.0,0.0,0.04462599754333496,0.01115649938583374,0.006654024124145508,0.01845097541809082,0.005079879450500314,922.0,54.0,1474.0,756.3861447699845,0.2,868.0,0.0,1420.0,756.3861447699845,0.0,0.0
0.0,0.0,0.8,0.2,0.0,0.0,0.0,1.0,0.0,0.0,0.06246590614318848,0.01561647653579712,0.011960029602050781,0.022314786911010742,0.004702841154143073,148.0,54.0,524.0,210.19038988498022,0.8,94.0,0.0,470.0,210.19038988498022,0.0,0.0
0.0,0.0,1.0,0.0,0.0,0.0,0.0,1.0,0.0,0.0,0.22793912887573242,0.056984782218933105,0.006367921829223633,0.20296287536621094,0.09732922256121938,54.6,54.0,55.0,0.5477225575051661,1.0,0.6,0.0,1.0,0.5477225575051661,0.0,0.0
0.0,0.0,0.4,0.6,0.0,0.0,0.0,1.0,0.0,0.0,0.06866288185119629,0.017165720462799072,0.011698007583618164,0.023913860321044922,0.006250651429026754,275.4,54.0,876.0,343.26345567217027,0.4,221.4,0.0,822.0,343.26345567217027,0.0,0.0
0.0,0.0,0.6,0.4,0.0,0.0,0.0,1.0,0.0,0.0,0.04465985298156738,0.011164963245391846,0.007384061813354492,0.016588926315307617,0.004336513727904558,610.2,54.0,1474.0,702.8038133078106,0.4,556.2,0.0,1420.0,702.8038133078106,0.0,0.0
0.0,0.0,0.6,0.4,0.0,0.0,0.0,1.0,0.0,0.0,0.04159188270568848,0.01039797067642212,0.0057179927825927734,0.01435995101928711,0.0038611043106138447,1151.6,54.0,1474.0,618.3112484825098,0.2,1097.6,0.0,1420.0,618.3112484825098,0.0,0.0
0.0,0.0,0.6,0.4,0.0,0.0,0.0,1.0,0.0,0.0,0.1102449893951416,0.0275612473487854,0.006578922271728516,0.07364010810852051,0.030977431182629432,540.6,54.0,1474.0,635.2619931965079,0.4,486.6,0.0,1420.0,635.2619931965079,0.0,0.0
0.0,0.0,0.6,0.4,0.0,0.0,0.0,1.0,0.0,0.0,0.04438900947570801,0.011097252368927002,0.006321907043457031,0.02090907096862793,0.006653209956271798,388.2,54.0,1474.0,610.3140175352356,0.4,334.2,0.0,1420.0,610.3140175352356,0.0,0.0
0.0,0.0,0.6,0.4,0.0,0.0,0.0,1.0,0.0,0.0,0.03970003128051758,0.009925007820129395,0.0067899227142333984,0.01236414909362793,0.002613498467030925,148.4,54.0,419.0,158.2065106119214,0.6,94.4,0.0,365.0,158.2065106119214,0.0,0.0
0.0,0.0,0.6,0.4,0.0,0.0,0.0,1.0,0.0,0.0,0.038211822509765625,0.009552955627441406,0.00748896598815918,0.011271953582763672,0.001677348080620408,109.0,54.0,222.0,78.0,0.6,55.0,0.0,168.0,78.0,0.0,0.0
0.0,0.0,0.6,0.4,0.0,0.0,0.0,1.0,0.0,0.0,0.03811216354370117,0.009528040885925293,0.0067179203033447266,0.011718034744262695,0.0023325883880937607,386.2,54.0,1474.0,611.1212645621162,0.4,332.2,0.0,1420.0,611.1212645621162,0.0,0.0
0.0,0.0,0.6,0.4,0.0,0.0,0.0,1.0,0.0,0.0,0.04852414131164551,0.012131035327911377,0.007954120635986328,0.019767045974731445,0.005582260378955053,99.4,54.0,177.0,62.52839355045034,0.6,45.4,0.0,123.0,62.52839355045034,0.0,0.0
0.0,0.0,0.6,0.4,0.0,0.0,0.0,1.0,0.0,0.0,0.037574052810668945,0.009393513202667236,0.006526947021484375,0.015249013900756836,0.003956947711849219,810.2,54.0,1474.0,684.6219394673238,0.2,756.2,0.0,1420.0,684.6219394673238,0.0,0.0
0.0,0.0,0.6,0.4,0.0,0.0,0.0,1.0,0.0,0.0,0.05047106742858887,0.012617766857147217,0.0071179866790771484,0.024289846420288086,0.00805758530788006,645.4,54.0,1474.0,752.784032774341,0.4,591.4,0.0,1420.0,752.784032774341,0.0,0.0
0.0,0.0,0.8,0.2,0.0,0.0,0.0,1.0,0.0,0.0,0.04938197135925293,0.012345492839813232,0.008459091186523438,0.01571178436279297,0.003622080714769271,1211.2,160.0,1474.0,587.6386644869448,0.0,1157.2,106.0,1420.0,587.6386644869448,0.0,0.0
0.0,0.0,0.8,0.2,0.0,0.0,0.0,1.0,0.0,0.0,0.04289603233337402,0.010724008083343506,0.0057408809661865234,0.018155813217163086,0.005883762789403206,909.2,54.0,1474.0,773.404939213605,0.4,855.2,0.0,1420.0,773.404939213605,0.0,0.0
0.0,0.0,0.6,0.4,0.0,0.0,0.0,1.0,0.0,0.0,0.03867197036743164,0.00966799259185791,0.004503965377807617,0.01858806610107422,0.006474004272424542,816.8,54.0,1474.0,694.4632459677042,0.2,762.8,0.0,1420.0,694.4632459677042,0.0,0.0
0.0,0.0,1.0,0.0,0.0,0.0,0.0,1.0,0.0,0.0,0.054776906967163086,0.013694226741790771,0.011911869049072266,0.015642166137695312,0.0017071508410170177,1474.0,1474.0,1474.0,0.0,0.0,1420.0,1420.0,1420.0,0.0,0.0,0.0
0.0,0.0,0.8,0.2,0.0,0.0,0.0,1.0,0.0,0.0,0.047553062438964844,0.011888265609741211,0.006170988082885742,0.01590704917907715,0.004145373703602381,970.0,54.0,1474.0,699.3425483981366,0.2,916.0,0.0,1420.0,699.3425483981366,0.0,0.0
0.0,0.0,1.0,0.0,0.0,0.0,0.0,1.0,0.0,0.0,0.04277992248535156,0.01069498062133789,0.0054628849029541016,0.016379117965698242,0.004519690387092435,906.0,54.0,1474.0,777.7660316573359,0.4,852.0,0.0,1420.0,777.7660316573359,0.0,0.0
0.0,0.0,1.0,0.0,0.0,0.0,0.0,1.0,0.0,0.0,0.05491495132446289,0.013728737831115723,0.009586095809936523,0.023186922073364258,0.006355247370375017,1474.0,1474.0,1474.0,0.0,0.0,1420.0,1420.0,1420.0,0.0,0.0,0.0
0.0,0.0,0.8,0.2,0.0,0.0,0.0,1.0,0.0,0.0,0.056159019470214844,0.014039754867553711,0.009721040725708008,0.021928071975708008,0.005668606416808202,686.0,54.0,1474.0,731.1087470410951,0.4,632.0,0.0,1420.0,731.1087470410951,0.0,0.0
0.0,0.0,1.0,0.0,0.0,0.0,0.0,1.0,0.0,0.0,0.08187508583068848,0.02046877145767212,0.009659051895141602,0.036956071853637695,0.01238657415521624,1474.0,1474.0,1474.0,0.0,0.0,1420.0,1420.0,1420.0,0.0,0.0,0.0
0.0,0.0,1.0,0.0,0.0,0.0,0.0,1.0,0.0,0.0,0.08149504661560059,0.020373761653900146,0.009586095809936523,0.04341411590576172,0.01563827359019548,1474.0,1474.0,1474.0,0.0,0.0,1420.0,1420.0,1420.0,0.0,0.0,0.0
0.0,0.0,0.8,0.2,0.0,0.0,0.0,1.0,0.0,0.0,0.046762943267822266,0.011690735816955566,0.006229877471923828,0.017733097076416016,0.0047083699485569825,1318.0,694.0,1474.0,348.82660448996717,0.0,1264.0,640.0,1420.0,348.82660448996717,0.0,0.0
0.0,0.0,1.0,0.0,0.0,0.0,0.0,1.0,0.0,0.0,0.04380512237548828,0.01095128059387207,0.00751805305480957,0.016171932220458984,0.003719870958945098,1190.0,54.0,1474.0,635.0433056099403,0.2,1136.0,0.0,1420.0,635.0433056099403,0.0,0.0
0.0,0.0,0.6,0.4,0.0,0.0,0.0,1.0,0.0,0.0,0.04396390914916992,0.01099097728729248,0.0071430206298828125,0.016592979431152344,0.0039939350999208655,670.0,54.0,1474.0,737.753346315691,0.2,616.0,0.0,1420.0,737.753346315691,0.0,0.0
0.0,0.0,1.0,0.0,0.0,0.0,0.0,1.0,0.0,0.0,0.04157900810241699,0.010394752025604248,0.007231950759887695,0.013523101806640625,0.002795631935179234,1474.0,1474.0,1474.0,0.0,0.0,1420.0,1420.0,1420.0,0.0,0.0,0.0
0.0,0.0,1.0,0.0,0.0,0.0,0.0,1.0,0.0,0.0,0.045532941818237305,0.011383235454559326,0.00904393196105957,0.013681888580322266,0.0023118514712751155,1474.0,1474.0,1474.0,0.0,0.0,1420.0,1420.0,1420.0,0.0,0.0,0.0
0.0,0.0,0.8,0.2,0.0,0.0,0.0,1.0,0.0,0.0,0.047007083892822266,0.011751770973205566,0.008907079696655273,0.014127969741821289,0.002148513709586003,1278.0,494.0,1474.0,438.2693235899588,0.0,1224.0,440.0,1420.0,438.2693235899588,0.0,0.0
0.0,0.0,1.0,0.0,0.0,0.0,0.0,1.0,0.0,0.0,0.0588688850402832,0.0147172212600708,0.008994817733764648,0.028094053268432617,0.008963376809696407,906.0,54.0,1474.0,777.7660316573359,0.4,852.0,0.0,1420.0,777.7660316573359,0.0,0.0
0.0,0.0,1.0,0.0,0.0,0.0,0.0,1.0,0.0,0.0,0.0402369499206543,0.010059237480163574,0.0059239864349365234,0.015336990356445312,0.004185294849010705,1474.0,1474.0,1474.0,0.0,0.0,1420.0,1420.0,1420.0,0.0,0.0,0.0
0.0,0.0,1.0,0.0,0.0,0.0,0.0,1.0,0.0,0.0,0.03638195991516113,0.009095489978790283,0.007502079010009766,0.010083913803100586,0.001229680032762441,906.0,54.0,1474.0,777.7660316573359,0.4,852.0,0.0,1420.0,777.7660316573359,0.0,0.0
0.0,0.0,1.0,0.0,0.0,0.0,0.0,1.0,0.0,0.0,0.03645801544189453,0.009114503860473633,0.005079984664916992,0.01413416862487793,0.00458469684614781,1474.0,1474.0,1474.0,0.0,0.0,1420.0,1420.0,1420.0,0.0,0.0,0.0
0.0,0.0,1.0,0.0,0.0,0.0,0.0,1.0,0.0,0.0,0.032141923904418945,0.008035480976104736,0.0020918846130371094,0.012365102767944336,0.004298547781881018,1474.0,1474.0,1474.0,0.0,0.0,1420.0,1420.0,1420.0,0.0,0.0,0.0
0.0,0.0,1.0,0.0,0.0,0.0,0.0,1.0,0.0,0.0,0.041004180908203125,0.010251045227050781,0.006324052810668945,0.01707005500793457,0.004766055760697161,1474.0,1474.0,1474.0,0.0,0.0,1420.0,1420.0,1420.0,0.0,0.0,0.0
0.0,0.0,1.0,0.0,0.0,0.0,0.0,1.0,0.0,0.0,0.045263051986694336,0.011315762996673584,0.00719904899597168,0.014228105545043945,0.0033073350894498085,1190.0,54.0,1474.0,635.0433056099403,0.2,1136.0,0.0,1420.0,635.0433056099403,0.0,0.0
0.0,0.0,1.0,0.0,0.0,0.0,0.0,1.0,0.0,0.0,0.040390968322753906,0.010097742080688477,0.0027170181274414062,0.018271923065185547,0.006380215299163063,1474.0,1474.0,1474.0,0.0,0.0,1420.0,1420.0,1420.0,0.0,0.0,0.0
0.0,0.0,1.0,0.0,0.0,0.0,0.0,1.0,0.0,0.0,0.039895057678222656,0.009973764419555664,0.008659124374389648,0.012720108032226562,0.0018537055513352125,1474.0,1474.0,1474.0,0.0,0.0,1420.0,1420.0,1420.0,0.0,0.0,0.0
0.0,0.0,1.0,0.0,0.0,0.0,0.0,1.0,0.0,0.0,0.03387880325317383,0.008469700813293457,0.007586002349853516,0.009800910949707031,0.0010291142827116419,1474.0,1474.0,1474.0,0.0,0.0,1420.0,1420.0,1420.0,0.0,0.0,0.0
0.0,0.0,1.0,0.0,0.0,0.0,0.0,1.0,0.0,0.0,0.04847407341003418,0.012118518352508545,0.007704019546508789,0.021172046661376953,0.006117063543168339,622.0,54.0,1474.0,777.7660316573359,0.6,568.0,0.0,1420.0,777.7660316573359,0.0,0.0
0.0,0.0,1.0,0.0,0.0,0.0,0.0,1.0,0.0,0.0,0.02937912940979004,0.00734478235244751,0.005941152572631836,0.010491132736206055,0.0021331564835671345,1190.0,54.0,1474.0,635.0433056099403,0.2,1136.0,0.0,1420.0,635.0433056099403,0.0,0.0
0.0,0.0,1.0,0.0,0.0,0.0,0.0,1.0,0.0,0.0,0.04765605926513672,0.01191401481628418,0.007982969284057617,0.017297983169555664,0.004123222804457668,1474.0,1474.0,1474.0,0.0,0.0,1420.0,1420.0,1420.0,0.0,0.0,0.0
0.0,0.0,1.0,0.0,0.0,0.0,0.0,1.0,0.0,0.0,0.04125094413757324,0.01031273603439331,0.0072019100189208984,0.013462066650390625,0.0028449970889146206,1474.0,1474.0,1474.0,0.0,0.0,1420.0,1420.0,1420.0,0.0,0.0,0.0
0.0,0.0,1.0,0.0,0.0,0.0,0.0,1.0,0.0,0.0,0.03930211067199707,0.009825527667999268,0.00816798210144043,0.011255025863647461,0.001392606415578489,1474.0,1474.0,1474.0,0.0,0.0,1420.0,1420.0,1420.0,0.0,0.0,0.0
0.0,0.0,1.0,0.0,0.0,0.0,0.0,1.0,0.0,0.0,0.037397146224975586,0.009349286556243896,0.00652313232421875,0.014166831970214844,0.0033382438278740543,1190.0,54.0,1474.0,635.0433056099403,0.2,1136.0,0.0,1420.0,635.0433056099403,0.0,0.0
0.0,0.0,1.0,0.0,0.0,0.0,0.0,1.0,0.0,0.0,0.03638291358947754,0.009095728397369385,0.008014917373657227,0.009800910949707031,0.0008431458662617142,1474.0,1474.0,1474.0,0.0,0.0,1420.0,1420.0,1420.0,0.0,0.0,0.0
0.0,0.0,1.0,0.0,0.0,0.0,0.0,1.0,0.0,0.0,0.030792951583862305,0.007698237895965576,0.0035369396209716797,0.011110067367553711,0.003887401688579603,1474.0,1474.0,1474.0,0.0,0.0,1420.0,1420.0,1420.0,0.0,0.0,0.0
0.0,0.0,1.0,0.0,0.0,0.0,0.0,1.0,0.0,0.0,0.03171110153198242,0.007927775382995605,0.006967067718505859,0.008816003799438477,0.0009566567694260915,1474.0,1474.0,1474.0,0.0,0.0,1420.0,1420.0,1420.0,0.0,0.0,0.0
0.0,0.0,1.0,0.0,0.0,0.0,0.0,1.0,0.0,0.0,0.04458189010620117,0.011145472526550293,0.007320880889892578,0.017594099044799805,0.004514524909075421,1190.0,54.0,1474.0,635.0433056099403,0.2,1136.0,0.0,1420.0,635.0433056099403,0.0,0.0
0.0,0.0,1.0,0.0,0.0,0.0,0.0,1.0,0.0,0.0,0.07971000671386719,0.019927501678466797,0.010432958602905273,0.04422307014465332,0.01628085936441683,906.0,54.0,1474.0,777.7660316573359,0.4,852.0,0.0,1420.0,777.7660316573359,0.0,0.0
0.0,0.0,1.0,0.0,0.0,0.0,0.0,1.0,0.0,0.0,0.048866987228393555,0.012216746807098389,0.008640050888061523,0.015103816986083984,0.003185584824695795,1474.0,1474.0,1474.0,0.0,0.0,1420.0,1420.0,1420.0,0.0,0.0,0.0
0.0,0.0,1.0,0.0,0.0,0.0,0.0,1.0,0.0,0.0,0.05188798904418945,0.012971997261047363,0.010673999786376953,0.01530313491821289,0.002381901707898827,1474.0,1474.0,1474.0,0.0,0.0,1420.0,1420.0,1420.0,0.0,0.0,0.0
0.0,0.0,1.0,0.0,0.0,0.0,0.0,1.0,0.0,0.0,0.04030299186706543,0.010075747966766357,0.0073699951171875,0.015905141830444336,0.003940511189502869,1474.0,1474.0,1474.0,0.0,0.0,1420.0,1420.0,1420.0,0.0,0.0,0.0
0.0,0.0,1.0,0.0,0.0,0.0,0.0,1.0,0.0,0.0,0.04581904411315918,0.011454761028289795,0.01013803482055664,0.01381993293762207,0.0017181464851256185,1190.0,54.0,1474.0,635.0433056099403,0.2,1136.0,0.0,1420.0,635.0433056099403,0.0,0.0
0.0,0.0,1.0,0.0,0.0,0.0,0.0,1.0,0.0,0.0,0.047560930252075195,0.011890232563018799,0.010256052017211914,0.015733957290649414,0.0025998487621158926,1474.0,1474.0,1474.0,0.0,0.0,1420.0,1420.0,1420.0,0.0,0.0,0.0
0.0,0.0,1.0,0.0,0.0,0.0,0.0,1.0,0.0,0.0,0.052893877029418945,0.013223469257354736,0.008684158325195312,0.023167848587036133,0.0067608977045538424,1474.0,1474.0,1474.0,0.0,0.0,1420.0,1420.0,1420.0,0.0,0.0,0.0
0.0,0.0,1.0,0.0,0.0,0.0,0.0,1.0,0.0,0.0,0.044168949127197266,0.011042237281799316,0.010317087173461914,0.012613058090209961,0.0010584787785045961,1474.0,1474.0,1474.0,0.0,0.0,1420.0,1420.0,1420.0,0.0,0.0,0.0
0.0,0.0,1.0,0.0,0.0,0.0,0.0,1.0,0.0,0.0,0.03582286834716797,0.008955717086791992,0.007544994354248047,0.010830879211425781,0.001410387830935651,1190.0,54.0,1474.0,635.0433056099403,0.2,1136.0,0.0,1420.0,635.0433056099403,0.0,0.0
0.0,0.0,1.0,0.0,0.0,0.0,0.0,1.0,0.0,0.0,0.041648149490356445,0.010412037372589111,0.006958961486816406,0.015420198440551758,0.0035690951116397326,1474.0,1474.0,1474.0,0.0,0.0,1420.0,1420.0,1420.0,0.0,0.0,0.0
0.0,0.0,1.0,0.0,0.0,0.0,0.0,1.0,0.0,0.0,0.04429197311401367,0.011072993278503418,0.008404016494750977,0.013273000717163086,0.002045722453107601,906.0,54.0,1474.0,777.7660316573359,0.4,852.0,0.0,1420.0,777.7660316573359,0.0,0.0
0.0,0.0,1.0,0.0,0.0,0.0,0.0,1.0,0.0,0.0,0.044975996017456055,0.011243999004364014,0.007682085037231445,0.015196800231933594,0.0033823633946960478,1474.0,1474.0,1474.0,0.0,0.0,1420.0,1420.0,1420.0,0.0,0.0,0.0
0.0,0.0,0.8,0.2,0.0,0.0,0.0,1.0,0.0,0.0,0.049868106842041016,0.012467026710510254,0.008641958236694336,0.015710115432739258,0.0032750671574881375,1222.0,214.0,1474.0,563.489130329947,0.0,1168.0,160.0,1420.0,563.489130329947,0.0,0.0
0.0,0.0,1.0,0.0,0.0,0.0,0.0,1.0,0.0,0.0,0.04358792304992676,0.01089698076248169,0.008336782455444336,0.015539169311523438,0.003263612262336947,1474.0,1474.0,1474.0,0.0,0.0,1420.0,1420.0,1420.0,0.0,0.0,0.0
0.0,0.0,1.0,0.0,0.0,0.0,0.0,1.0,0.0,0.0,0.040924787521362305,0.010231196880340576,0.0072879791259765625,0.012471914291381836,0.0024471566607854314,1190.0,54.0,1474.0,635.0433056099403,0.2,1136.0,0.0,1420.0,635.0433056099403,0.0,0.0
0.0,0.0,0.8,0.2,0.0,0.0,0.0,1.0,0.0,0.0,0.040071964263916016,0.010017991065979004,0.007700920104980469,0.01541590690612793,0.0036397463934077306,978.0,54.0,1474.0,690.9992764106197,0.2,924.0,0.0,1420.0,690.9992764106197,0.0,0.0
0.0,0.0,1.0,0.0,0.0,0.0,0.0,1.0,0.0,0.0,0.03562307357788086,0.008905768394470215,0.003637075424194336,0.012769937515258789,0.003815648166534241,1474.0,1474.0,1474.0,0.0,0.0,1420.0,1420.0,1420.0,0.0,0.0,0.0
0.0,0.0,0.6,0.4,0.0,0.0,0.0,1.0,0.0,0.0,0.03633904457092285,0.009084761142730713,0.00740504264831543,0.011924982070922852,0.001988195497736827,994.0,94.0,1474.0,669.4774081326419,0.0,940.0,40.0,1420.0,669.4774081326419,0.0,0.0
0.0,0.0,0.8,0.2,0.0,0.0,0.0,1.0,0.0,0.0,0.0485689640045166,0.01214224100112915,0.008816957473754883,0.018259048461914062,0.0043272443789811625,914.0,54.0,1474.0,766.9419795525604,0.2,860.0,0.0,1420.0,766.9419795525604,0.0,0.0
0.0,0.0,1.0,0.0,0.0,0.0,0.0,1.0,0.0,0.0,0.04026508331298828,0.01006627082824707,0.007950067520141602,0.013148069381713867,0.0025205417032841885,1474.0,1474.0,1474.0,0.0,0.0,1420.0,1420.0,1420.0,0.0,0.0,0.0
0.0,0.0,0.8,0.2,0.0,0.0,0.0,1.0,0.0,0.0,0.0509188175201416,0.0127297043800354,0.010054826736450195,0.015383005142211914,0.0023504768737818717,962.0,54.0,1474.0,708.0395469181083,0.2,908.0,0.0,1420.0,708.0395469181083,0.0,0.0
0.0,0.0,0.8,0.2,0.0,0.0,0.0,1.0,0.0,0.0,0.0815129280090332,0.0203782320022583,0.00725102424621582,0.050154924392700195,0.020257455862422946,654.0,54.0,1474.0,751.398695766768,0.4,600.0,0.0,1420.0,751.398695766768,0.0,0.0
0.0,0.0,1.0,0.0,0.0,0.0,0.0,1.0,0.0,0.0,0.039865970611572266,0.009966492652893066,0.006407976150512695,0.015705108642578125,0.004010042196593521,906.0,54.0,1474.0,777.7660316573359,0.4,852.0,0.0,1420.0,777.7660316573359,0.0,0.0
0.0,0.0,1.0,0.0,0.0,0.0,0.0,1.0,0.0,0.0,0.029525041580200195,0.007381260395050049,0.0053310394287109375,0.010779142379760742,0.0023614741789784225,1474.0,1474.0,1474.0,0.0,0.0,1420.0,1420.0,1420.0,0.0,0.0,0.0
0.0,0.0,1.0,0.0,0.0,0.0,0.0,1.0,0.0,0.0,0.03506112098693848,0.00876528024673462,0.006743907928466797,0.011860132217407227,0.0022122979080295923,1474.0,1474.0,1474.0,0.0,0.0,1420.0,1420.0,1420.0,0.0,0.0,0.0
0.0,0.0,1.0,0.0,0.0,0.0,0.0,1.0,0.0,0.0,0.03496718406677246,0.008741796016693115,0.007012128829956055,0.012625932693481445,0.0026124064347945735,1474.0,1474.0,1474.0,0.0,0.0,1420.0,1420.0,1420.0,0.0,0.0,0.0
0.0,0.0,1.0,0.0,0.0,0.0,0.0,1.0,0.0,0.0,0.04074501991271973,0.010186254978179932,0.008104085922241211,0.011940956115722656,0.001666486738324318,1190.0,54.0,1474.0,635.0433056099403,0.2,1136.0,0.0,1420.0,635.0433056099403,0.0,0.0
0.0,0.0,1.0,0.0,0.0,0.0,0.0,1.0,0.0,0.0,0.03813505172729492,0.00953376293182373,0.006921052932739258,0.013927936553955078,0.0030419873659310787,1474.0,1474.0,1474.0,0.0,0.0,1420.0,1420.0,1420.0,0.0,0.0,0.0
0.0,0.0,1.0,0.0,0.0,0.0,0.0,1.0,0.0,0.0,0.051596879959106445,0.012899219989776611,0.006566047668457031,0.017824888229370117,0.004784163267360294,1474.0,1474.0,1474.0,0.0,0.0,1420.0,1420.0,1420.0,0.0,0.0,0.0
0.0,0.0,1.0,0.0,0.0,0.0,0.0,1.0,0.0,0.0,0.05973982810974121,0.014934957027435303,0.011689901351928711,0.019603967666625977,0.003882514852971627,1474.0,1474.0,1474.0,0.0,0.0,1420.0,1420.0,1420.0,0.0,0.0,0.0
0.0,0.0,1.0,0.0,0.0,0.0,0.0,1.0,0.0,0.0,0.0481719970703125,0.012042999267578125,0.009711980819702148,0.014477014541625977,0.0019503598181873957,1190.0,54.0,1474.0,635.0433056099403,0.2,1136.0,0.0,1420.0,635.0433056099403,0.0,0.0
0.0,0.0,1.0,0.0,0.0,0.0,0.0,1.0,0.0,0.0,0.06684303283691406,0.016710758209228516,0.008555173873901367,0.03500485420227051,0.01238575692706809,906.0,54.0,1474.0,777.7660316573359,0.4,852.0,0.0,1420.0,777.7660316573359,0.0,0.0
0.0,0.0,1.0,0.0,0.0,0.0,0.0,1.0,0.0,0.0,0.0596461296081543,0.014911532402038574,0.013839960098266602,0.015917062759399414,0.0009075703254340453,906.0,54.0,1474.0,777.7660316573359,0.4,852.0,0.0,1420.0,777.7660316573359,0.0,0.0
0.0,0.0,1.0,0.0,0.0,0.0,0.0,1.0,0.0,0.0,0.062264204025268555,0.015566051006317139,0.0056989192962646484,0.02635502815246582,0.008791363251985594,1474.0,1474.0,1474.0,0.0,0.0,1420.0,1420.0,1420.0,0.0,0.0,0.0
0.0,0.0,1.0,0.0,0.0,0.0,0.0,1.0,0.0,0.0,0.05014204978942871,0.012535512447357178,0.010128021240234375,0.013395071029663086,0.0016057068488920048,1474.0,1474.0,1474.0,0.0,0.0,1420.0,1420.0,1420.0,0.0,0.0,0.0
0.0,0.0,1.0,0.0,0.0,0.0,0.0,1.0,0.0,0.0,0.055593013763427734,0.013898253440856934,0.01131892204284668,0.018045902252197266,0.003194986989033404,1474.0,1474.0,1474.0,0.0,0.0,1420.0,1420.0,1420.0,0.0,0.0,0.0
0.0,0.0,1.0,0.0,0.0,0.0,0.0,1.0,0.0,0.0,0.05275893211364746,0.013189733028411865,0.005318880081176758,0.01846790313720703,0.0057621754053195605,1190.0,54.0,1474.0,635.0433056099403,0.2,1136.0,0.0,1420.0,635.0433056099403,0.0,0.0
0.0,0.0,1.0,0.0,0.0,0.0,0.0,1.0,0.0,0.0,0.059758901596069336,0.014939725399017334,0.012897968292236328,0.01700282096862793,0.001865251480056417,1474.0,1474.0,1474.0,0.0,0.0,1420.0,1420.0,1420.0,0.0,0.0,0.0
0.0,0.0,1.0,0.0,0.0,0.0,0.0,1.0,0.0,0.0,0.05561017990112305,0.013902544975280762,0.009805917739868164,0.024975061416625977,0.007402444753748541,1474.0,1474.0,1474.0,0.0,0.0,1420.0,1420.0,1420.0,0.0,0.0,0.0
0.0,0.0,1.0,0.0,0.0,0.0,0.0,1.0,0.0,0.0,0.0551910400390625,0.013797760009765625,0.013401985168457031,0.013972997665405273,0.0002658332587845588,1474.0,1474.0,1474.0,0.0,0.0,1420.0,1420.0,1420.0,0.0,0.0,0.0
0.0,0.0,1.0,0.0,0.0,0.0,0.0,1.0,0.0,0.0,0.037741899490356445,0.009435474872589111,0.0032880306243896484,0.01610088348388672,0.005315044550006478,1474.0,1474.0,1474.0,0.0,0.0,1420.0,1420.0,1420.0,0.0,0.0,0.0
0.0,0.0,1.0,0.0,0.0,0.0,0.0,1.0,0.0,0.0,0.05104994773864746,0.012762486934661865,0.010663032531738281,0.014146089553833008,0.001653984089264626,906.0,54.0,1474.0,777.7660316573359,0.4,852.0,0.0,1420.0,777.7660316573359,0.0,0.0
0.0,0.0,1.0,0.0,0.0,0.0,0.0,1.0,0.0,0.0,0.045178890228271484,0.011294722557067871,0.004987001419067383,0.014940977096557617,0.00448858012351197,1190.0,54.0,1474.0,635.0433056099403,0.2,1136.0,0.0,1420.0,635.0433056099403,0.0,0.0
0.0,0.0,1.0,0.0,0.0,0.0,0.0,1.0,0.0,0.0,0.0422821044921875,0.010570526123046875,0.00854802131652832,0.011983156204223633,0.0014931999466922404,1474.0,1474.0,1474.0,0.0,0.0,1420.0,1420.0,1420.0,0.0,0.0,0.0
0.0,0.0,1.0,0.0,0.0,0.0,0.0,1.0,0.0,0.0,0.041690826416015625,0.010422706604003906,0.00475001335144043,0.014049053192138672,0.003985529172383974,1474.0,1474.0,1474.0,0.0,0.0,1420.0,1420.0,1420.0,0.0,0.0,0.0
0.0,0.0,1.0,0.0,0.0,0.0,0.0,1.0,0.0,0.0,0.0526278018951416,0.0131569504737854,0.004230976104736328,0.023454904556274414,0.008064318036688532,1474.0,1474.0,1474.0,0.0,0.0,1420.0,1420.0,1420.0,0.0,0.0,0.0
0.0,0.0,1.0,0.0,0.0,0.0,0.0,1.0,0.0,0.0,0.05449795722961426,0.013624489307403564,0.008100032806396484,0.017853975296020508,0.004051724421210028,1190.0,54.0,1474.0,635.0433056099403,0.2,1136.0,0.0,1420.0,635.0433056099403,0.0,0.0
0.0,0.0,1.0,0.0,0.0,0.0,0.0,1.0,0.0,0.0,0.05255579948425293,0.013138949871063232,0.00954890251159668,0.019669771194458008,0.004534679700687194,1474.0,1474.0,1474.0,0.0,0.0,1420.0,1420.0,1420.0,0.0,0.0,0.0
0.0,0.0,1.0,0.0,0.0,0.0,0.0,1.0,0.0,0.0,0.0660698413848877,0.016517460346221924,0.007461071014404297,0.030308008193969727,0.010224119594732307,1474.0,1474.0,1474.0,0.0,0.0,1420.0,1420.0,1420.0,0.0,0.0,0.0
0.0,0.0,1.0,0.0,0.0,0.0,0.0,1.0,0.0,0.0,0.04758501052856445,0.011896252632141113,0.003574848175048828,0.017074108123779297,0.005813123645413984,1474.0,1474.0,1474.0,0.0,0.0,1420.0,1420.0,1420.0,0.0,0.0,0.0
0.0,0.0,1.0,0.0,0.0,0.0,0.0,1.0,0.0,0.0,0.060755014419555664,0.015188753604888916,0.012811899185180664,0.01857614517211914,0.0026304125463927526,1190.0,54.0,1474.0,635.0433056099403,0.2,1136.0,0.0,1420.0,635.0433056099403,0.0,0.0
0.0,0.0,1.0,0.0,0.0,0.0,0.0,1.0,0.0,0.0,0.06469392776489258,0.016173481941223145,0.00898599624633789,0.027683019638061523,0.008053293161935912,906.0,54.0,1474.0,777.7660316573359,0.4,852.0,0.0,1420.0,777.7660316573359,0.0,0.0
0.0,0.0,1.0,0.0,0.0,0.0,0.0,1.0,0.0,0.0,0.05573606491088867,0.013934016227722168,0.00980997085571289,0.02054595947265625,0.004772381104131411,1474.0,1474.0,1474.0,0.0,0.0,1420.0,1420.0,1420.0,0.0,0.0,0.0
0.0,0.0,1.0,0.0,0.0,0.0,0.0,1.0,0.0,0.0,0.037101030349731445,0.009275257587432861,0.004288911819458008,0.016326904296875,0.005265293840373717,1474.0,1474.0,1474.0,0.0,0.0,1420.0,1420.0,1420.0,0.0,0.0,0.0
0.0,0.0,1.0,0.0,0.0,0.0,0.0,1.0,0.0,0.0,0.051460981369018555,0.012865245342254639,0.008713960647583008,0.018401145935058594,0.00405687736065801,1474.0,1474.0,1474.0,0.0,0.0,1420.0,1420.0,1420.0,0.0,0.0,0.0
0.0,0.0,1.0,0.0,0.0,0.0,0.0,1.0,0.0,0.0,0.04070901870727539,0.010177254676818848,0.007675886154174805,0.012552976608276367,0.0027256911335842957,1474.0,1474.0,1474.0,0.0,0.0,1420.0,1420.0,1420.0,0.0,0.0,0.0
0.0,0.0,1.0,0.0,0.0,0.0,0.0,1.0,0.0,0.0,0.05624985694885254,0.014062464237213135,0.011026859283447266,0.01937699317932129,0.003667316409366671,1190.0,54.0,1474.0,635.0433056099403,0.2,1136.0,0.0,1420.0,635.0433056099403,0.0,0.0
0.0,0.0,1.0,0.0,0.0,0.0,0.0,1.0,0.0,0.0,0.051136016845703125,0.012784004211425781,0.010631084442138672,0.01562190055847168,0.002223375711656316,1474.0,1474.0,1474.0,0.0,0.0,1420.0,1420.0,1420.0,0.0,0.0,0.0
0.0,0.0,1.0,0.0,0.0,0.0,0.0,1.0,0.0,0.0,0.04954099655151367,0.012385249137878418,0.010879993438720703,0.01662898063659668,0.002831750385179287,1474.0,1474.0,1474.0,0.0,0.0,1420.0,1420.0,1420.0,0.0,0.0,0.0
0.0,0.0,1.0,0.0,0.0,0.0,0.0,1.0,0.0,0.0,0.05831098556518555,0.014577746391296387,0.00741887092590332,0.025320053100585938,0.007815508859738128,1474.0,1474.0,1474.0,0.0,0.0,1420.0,1420.0,1420.0,0.0,0.0,0.0
0.0,0.0,1.0,0.0,0.0,0.0,0.0,1.0,0.0,0.0,0.05636191368103027,0.014090478420257568,0.010734796524047852,0.021579980850219727,0.005031776928354727,1190.0,54.0,1474.0,635.0433056099403,0.2,1136.0,0.0,1420.0,635.0433056099403,0.0,0.0
0.0,0.0,1.0,0.0,0.0,0.0,0.0,1.0,0.0,0.0,0.07163119316101074,0.017907798290252686,0.008005142211914062,0.028642892837524414,0.008965509668077642,906.0,54.0,1474.0,777.7660316573359,0.4,852.0,0.0,1420.0,777.7660316573359,0.0,0.0
0.0,0.0,1.0,0.0,0.0,0.0,0.0,1.0,0.0,0.0,0.04590606689453125,0.011476516723632812,0.0020110607147216797,0.02162003517150879,0.00865337019223026,1474.0,1474.0,1474.0,0.0,0.0,1420.0,1420.0,1420.0,0.0,0.0,0.0
0.0,0.0,1.0,0.0,0.0,0.0,0.0,1.0,0.0,0.0,0.048603057861328125,0.012150764465332031,0.0027589797973632812,0.028626203536987305,0.01193810508718924,1474.0,1474.0,1474.0,0.0,0.0,1420.0,1420.0,1420.0,0.0,0.0,0.0
0.0,0.0,1.0,0.0,0.0,0.0,0.0,1.0,0.0,0.0,0.04973196983337402,0.012432992458343506,0.009081125259399414,0.017392873764038086,0.003518195180925814,1474.0,1474.0,1474.0,0.0,0.0,1420.0,1420.0,1420.0,0.0,0.0,0.0
0.0,0.0,1.0,0.0,0.0,0.0,0.0,1.0,0.0,0.0,0.051396846771240234,0.012849211692810059,0.0037469863891601562,0.022491931915283203,0.007925859562269566,1190.0,54.0,1474.0,635.0433056099403,0.2,1136.0,0.0,1420.0,635.0433056099403,0.0,0.0
0.0,0.0,1.0,0.0,0.0,0.0,0.0,1.0,0.0,0.0,0.05627894401550293,0.014069736003875732,0.007508993148803711,0.0177309513092041,0.004598669363951025,1474.0,1474.0,1474.0,0.0,0.0,1420.0,1420.0,1420.0,0.0,0.0,0.0
0.0,0.0,1.0,0.0,0.0,0.0,0.0,1.0,0.0,0.0,0.05794095993041992,0.01448523998260498,0.011539936065673828,0.017852067947387695,0.0032620896678923223,1474.0,1474.0,1474.0,0.0,0.0,1420.0,1420.0,1420.0,0.0,0.0,0.0
0.0,0.0,1.0,0.0,0.0,0.0,0.0,1.0,0.0,0.0,0.04103398323059082,0.010258495807647705,0.007264137268066406,0.013056039810180664,0.0029914594404278913,1474.0,1474.0,1474.0,0.0,0.0,1420.0,1420.0,1420.0,0.0,0.0,0.0
0.0,0.0,1.0,0.0,0.0,0.0,0.0,1.0,0.0,0.0,0.05325818061828613,0.013314545154571533,0.007558107376098633,0.021387100219726562,0.005810219706826681,1474.0,1474.0,1474.0,0.0,0.0,1420.0,1420.0,1420.0,0.0,0.0,0.0
0.0,0.0,1.0,0.0,0.0,0.0,0.0,1.0,0.0,0.0,0.038522958755493164,0.009630739688873291,0.004709959030151367,0.017474889755249023,0.005543924867314148,1190.0,54.0,1474.0,635.0433056099403,0.2,1136.0,0.0,1420.0,635.0433056099403,0.0,0.0
0.0,0.0,1.0,0.0,0.0,0.0,0.0,1.0,0.0,0.0,0.0899050235748291,0.022476255893707275,0.005799055099487305,0.04473686218261719,0.017358942870549864,906.0,54.0,1474.0,777.7660316573359,0.4,852.0,0.0,1420.0,777.7660316573359,0.0,0.0
0.0,0.0,1.0,0.0,0.0,0.0,0.0,1.0,0.0,0.0,0.06919407844543457,0.017298519611358643,0.00851893424987793,0.02335214614868164,0.006640801730986855,1474.0,1474.0,1474.0,0.0,0.0,1420.0,1420.0,1420.0,0.0,0.0,0.0
0.0,0.0,1.0,0.0,0.0,0.0,0.0,1.0,0.0,0.0,0.045989990234375,0.01149749755859375,0.008086919784545898,0.014473915100097656,0.0030479225196090812,1474.0,1474.0,1474.0,0.0,0.0,1420.0,1420.0,1420.0,0.0,0.0,0.0
0.0,0.0,1.0,0.0,0.0,0.0,0.0,1.0,0.0,0.0,0.05445981025695801,0.013614952564239502,0.011216878890991211,0.017004966735839844,0.0027574713124354513,1474.0,1474.0,1474.0,0.0,0.0,1420.0,1420.0,1420.0,0.0,0.0,0.0
0.0,0.0,1.0,0.0,0.0,0.0,0.0,1.0,0.0,0.0,0.060235023498535156,0.015058755874633789,0.010442972183227539,0.021224021911621094,0.004653395873002476,1190.0,54.0,1474.0,635.0433056099403,0.2,1136.0,0.0,1420.0,635.0433056099403,0.0,0.0
0.0,0.0,1.0,0.0,0.0,0.0,0.0,1.0,0.0,0.0,0.06120800971984863,0.015302002429962158,0.011861085891723633,0.021211862564086914,0.0044038784036981886,1474.0,1474.0,1474.0,0.0,0.0,1420.0,1420.0,1420.0,0.0,0.0,0.0
0.0,0.0,1.0,0.0,0.0,0.0,0.0,1.0,0.0,0.0,0.04653310775756836,0.01163327693939209,0.003056049346923828,0.015492916107177734,0.005767674686066131,1474.0,1474.0,1474.0,0.0,0.0,1420.0,1420.0,1420.0,0.0,0.0,0.0
0.0,0.0,1.0,0.0,0.0,0.0,0.0,1.0,0.0,0.0,0.054991960525512695,0.013747990131378174,0.009021997451782227,0.01639580726623535,0.0034663618228560084,1474.0,1474.0,1474.0,0.0,0.0,1420.0,1420.0,1420.0,0.0,0.0,0.0
0.0,0.0,1.0,0.0,0.0,0.0,0.0,1.0,0.0,0.0,0.05459284782409668,0.01364821195602417,0.010593891143798828,0.01763010025024414,0.002968583045883361,1474.0,1474.0,1474.0,0.0,0.0,1420.0,1420.0,1420.0,0.0,0.0,0.0
0.0,0.0,1.0,0.0,0.0,0.0,0.0,1.0,0.0,0.0,0.05636715888977051,0.014091789722442627,0.008494853973388672,0.018983125686645508,0.004374865091121711,1190.0,54.0,1474.0,635.0433056099403,0.2,1136.0,0.0,1420.0,635.0433056099403,0.0,0.0
0.0,0.0,1.0,0.0,0.0,0.0,0.0,1.0,0.0,0.0,0.07106804847717285,0.017767012119293213,0.012280941009521484,0.020668983459472656,0.0039533523402993246,54.4,54.0,55.0,0.5477225575051661,1.0,0.4,0.0,1.0,0.5477225575051661,0.0,0.0
0.0,0.0,1.0,0.0,0.0,0.0,0.0,1.0,0.0,0.0,0.05641603469848633,0.014104008674621582,0.008270978927612305,0.02393794059753418,0.007327219946868591,1190.0,54.0,1474.0,635.0433056099403,0.2,1136.0,0.0,1420.0,635.0433056099403,0.0,0.0
0.0,0.0,1.0,0.0,0.0,0.0,0.0,1.0,0.0,0.0,0.052873849868774414,0.013218462467193604,0.007929086685180664,0.016702890396118164,0.003745614767952195,1474.0,1474.0,1474.0,0.0,0.0,1420.0,1420.0,1420.0,0.0,0.0,0.0
0.0,0.0,1.0,0.0,0.0,0.0,0.0,1.0,0.0,0.0,0.043498992919921875,0.010874748229980469,0.0056149959564208984,0.012913942337036133,0.003512875029738296,1474.0,1474.0,1474.0,0.0,0.0,1420.0,1420.0,1420.0,0.0,0.0,0.0
0.0,0.0,1.0,0.0,0.0,0.0,0.0,1.0,0.0,0.0,0.05302095413208008,0.01325523853302002,0.011216163635253906,0.016499042510986328,0.0024910595767964694,1474.0,1474.0,1474.0,0.0,0.0,1420.0,1420.0,1420.0,0.0,0.0,0.0
0.0,0.0,1.0,0.0,0.0,0.0,0.0,1.0,0.0,0.0,0.0536189079284668,0.0134047269821167,0.007819890975952148,0.018483877182006836,0.00436410604984719,1190.0,54.0,1474.0,635.0433056099403,0.2,1136.0,0.0,1420.0,635.0433056099403,0.0,0.0
0.0,0.0,1.0,0.0,0.0,0.0,0.0,1.0,0.0,0.0,0.0499119758605957,0.012477993965148926,0.005905866622924805,0.022504091262817383,0.007114086712906692,1474.0,1474.0,1474.0,0.0,0.0,1420.0,1420.0,1420.0,0.0,0.0,0.0
0.0,0.0,1.0,0.0,0.0,0.0,0.0,1.0,0.0,0.0,0.04846596717834473,0.012116491794586182,0.009078025817871094,0.01610088348388672,0.0029501155202502913,1474.0,1474.0,1474.0,0.0,0.0,1420.0,1420.0,1420.0,0.0,0.0,0.0
0.0,0.0,1.0,0.0,0.0,0.0,0.0,1.0,0.0,0.0,0.05757617950439453,0.014394044876098633,0.010281801223754883,0.017531156539916992,0.0030757897525274754,1474.0,1474.0,1474.0,0.0,0.0,1420.0,1420.0,1420.0,0.0,0.0,0.0
0.0,0.0,1.0,0.0,0.0,0.0,0.0,1.0,0.0,0.0,0.051213979721069336,0.012803494930267334,0.008796930313110352,0.021095991134643555,0.005718913801859544,1190.0,54.0,1474.0,635.0433056099403,0.2,1136.0,0.0,1420.0,635.0433056099403,0.0,0.0
0.0,0.0,1.0,0.0,0.0,0.0,0.0,1.0,0.0,0.0,0.062194108963012695,0.015548527240753174,0.010082006454467773,0.024294137954711914,0.006317619229167527,906.0,54.0,1474.0,777.7660316573359,0.4,852.0,0.0,1420.0,777.7660316573359,0.0,0.0
0.0,0.0,1.0,0.0,0.0,0.0,0.0,1.0,0.0,0.0,0.062116146087646484,0.015529036521911621,0.010360956192016602,0.02049708366394043,0.004430638172801797,1474.0,1474.0,1474.0,0.0,0.0,1420.0,1420.0,1420.0,0.0,0.0,0.0
0.0,0.0,1.0,0.0,0.0,0.0,0.0,1.0,0.0,0.0,0.04760408401489258,0.011901021003723145,0.008655071258544922,0.01540994644165039,0.003010937885670247,1474.0,1474.0,1474.0,0.0,0.0,1420.0,1420.0,1420.0,0.0,0.0,0.0
0.0,0.0,1.0,0.0,0.0,0.0,0.0,1.0,0.0,0.0,0.04863405227661133,0.012158513069152832,0.009541034698486328,0.015971899032592773,0.0027156014486747057,1474.0,1474.0,1474.0,0.0,0.0,1420.0,1420.0,1420.0,0.0,0.0,0.0
0.0,0.0,1.0,0.0,0.0,0.0,0.0,1.0,0.0,0.0,0.06234598159790039,0.015586495399475098,0.013870000839233398,0.0194091796875,0.0025712951734442767,1474.0,1474.0,1474.0,0.0,0.0,1420.0,1420.0,1420.0,0.0,0.0,0.0
0.0,0.0,1.0,0.0,0.0,0.0,0.0,1.0,0.0,0.0,0.05027508735656738,0.012568771839141846,0.008578062057495117,0.019320964813232422,0.004752523819275314,1190.0,54.0,1474.0,635.0433056099403,0.2,1136.0,0.0,1420.0,635.0433056099403,0.0,0.0
0.0,0.0,1.0,0.0,0.0,0.0,0.0,1.0,0.0,0.0,0.0623478889465332,0.0155869722366333,0.008437871932983398,0.02032613754272461,0.005212890461372076,1474.0,1474.0,1474.0,0.0,0.0,1420.0,1420.0,1420.0,0.0,0.0,0.0
0.0,0.0,1.0,0.0,0.0,0.0,0.0,1.0,0.0,0.0,0.039990901947021484,0.009997725486755371,0.0038628578186035156,0.012501001358032227,0.004114722527083342,1474.0,1474.0,1474.0,0.0,0.0,1420.0,1420.0,1420.0,0.0,0.0,0.0
0.0,0.0,1.0,0.0,0.0,0.0,0.0,1.0,0.0,0.0,0.06460404396057129,0.016151010990142822,0.012555122375488281,0.024476051330566406,0.005586661875232474,1474.0,1474.0,1474.0,0.0,0.0,1420.0,1420.0,1420.0,0.0,0.0,0.0
0.0,0.0,1.0,0.0,0.0,0.0,0.0,1.0,0.0,0.0,0.0731959342956543,0.018298983573913574,0.00733494758605957,0.03070211410522461,0.010173055193904589,1190.0,54.0,1474.0,635.0433056099403,0.2,1136.0,0.0,1420.0,635.0433056099403,0.0,0.0
0.0,0.0,1.0,0.0,0.0,0.0,0.0,1.0,0.0,0.0,0.06780004501342773,0.016950011253356934,0.011658906936645508,0.030025005340576172,0.008765894489358435,906.0,54.0,1474.0,777.7660316573359,0.4,852.0,0.0,1420.0,777.7660316573359,0.0,0.0
0.0,0.0,1.0,0.0,0.0,0.0,0.0,1.0,0.0,0.0,0.061869144439697266,0.015467286109924316,0.009627103805541992,0.0196990966796875,0.004880971333658262,1474.0,1474.0,1474.0,0.0,0.0,1420.0,1420.0,1420.0,0.0,0.0,0.0
0.0,0.0,1.0,0.0,0.0,0.0,0.0,1.0,0.0,0.0,0.04808521270751953,0.012021303176879883,0.009530067443847656,0.014400959014892578,0.0023571290011064634,1474.0,1474.0,1474.0,0.0,0.0,1420.0,1420.0,1420.0,0.0,0.0,0.0
0.0,0.0,1.0,0.0,0.0,0.0,0.0,1.0,0.0,0.0,0.054203033447265625,0.013550758361816406,0.005524158477783203,0.018527984619140625,0.006112393104623719,1474.0,1474.0,1474.0,0.0,0.0,1420.0,1420.0,1420.0,0.0,0.0,0.0
0.0,0.0,1.0,0.0,0.0,0.0,0.0,1.0,0.0,0.0,0.05025601387023926,0.012564003467559814,0.009289979934692383,0.014785051345825195,0.0024028314606319404,1474.0,1474.0,1474.0,0.0,0.0,1420.0,1420.0,1420.0,0.0,0.0,0.0
0.0,0.0,1.0,0.0,0.0,0.0,0.0,1.0,0.0,0.0,0.04819297790527344,0.01204824447631836,0.009931802749633789,0.015424966812133789,0.0024257683264046295,1190.0,54.0,1474.0,635.0433056099403,0.2,1136.0,0.0,1420.0,635.0433056099403,0.0,0.0
0.0,0.0,1.0,0.0,0.0,0.0,0.0,1.0,0.0,0.0,0.0457611083984375,0.011440277099609375,0.008922100067138672,0.013274192810058594,0.001899042201969648,1474.0,1474.0,1474.0,0.0,0.0,1420.0,1420.0,1420.0,0.0,0.0,0.0
0.0,0.0,1.0,0.0,0.0,0.0,0.0,1.0,0.0,0.0,0.0510869026184082,0.01277172565460205,0.011250972747802734,0.014667987823486328,0.0014581590572249113,1474.0,1474.0,1474.0,0.0,0.0,1420.0,1420.0,1420.0,0.0,0.0,0.0
0.0,0.0,1.0,0.0,0.0,0.0,0.0,1.0,0.0,0.0,0.04835820198059082,0.012089550495147705,0.008702993392944336,0.015240192413330078,0.0029629880491994815,1190.0,54.0,1474.0,635.0433056099403,0.2,1136.0,0.0,1420.0,635.0433056099403,0.0,0.0
0.0,0.0,1.0,0.0,0.0,0.0,0.0,1.0,0.0,0.0,0.0474848747253418,0.01187121868133545,0.009312868118286133,0.014495849609375,0.0021250375371877905,1474.0,1474.0,1474.0,0.0,0.0,1420.0,1420.0,1420.0,0.0,0.0,0.0
0.0,0.0,1.0,0.0,0.0,0.0,0.0,1.0,0.0,0.0,0.06647610664367676,0.01661902666091919,0.0063381195068359375,0.022556066513061523,0.00735014585927674,906.0,54.0,1474.0,777.7660316573359,0.4,852.0,0.0,1420.0,777.7660316573359,0.0,0.0
0.0,0.0,1.0,0.0,0.0,0.0,0.0,1.0,0.0,0.0,0.07492613792419434,0.018731534481048584,0.011670827865600586,0.02912306785583496,0.0078036539548236505,906.0,54.0,1474.0,777.7660316573359,0.4,852.0,0.0,1420.0,777.7660316573359,0.0,0.0
0.0,0.0,1.0,0.0,0.0,0.0,0.0,1.0,0.0,0.0,0.045758962631225586,0.011439740657806396,0.002902984619140625,0.01888895034790039,0.006790848455594397,1474.0,1474.0,1474.0,0.0,0.0,1420.0,1420.0,1420.0,0.0,0.0,0.0
0.0,0.0,1.0,0.0,0.0,0.0,0.0,1.0,0.0,0.0,0.05720806121826172,0.01430201530456543,0.009469985961914062,0.021916866302490234,0.005609904903455088,1474.0,1474.0,1474.0,0.0,0.0,1420.0,1420.0,1420.0,0.0,0.0,0.0
0.0,0.0,1.0,0.0,0.0,0.0,0.0,1.0,0.0,0.0,0.055628061294555664,0.013907015323638916,0.010686159133911133,0.017796993255615234,0.0030272015305415037,1474.0,1474.0,1474.0,0.0,0.0,1420.0,1420.0,1420.0,0.0,0.0,0.0
0.0,0.0,1.0,0.0,0.0,0.0,0.0,1.0,0.0,0.0,0.0551450252532959,0.013786256313323975,0.008214950561523438,0.022523880004882812,0.006490743544243593,1190.0,54.0,1474.0,635.0433056099403,0.2,1136.0,0.0,1420.0,635.0433056099403,0.0,0.0
0.0,0.0,1.0,0.0,0.0,0.0,0.0,1.0,0.0,0.0,0.04415702819824219,0.011039257049560547,0.009570837020874023,0.012830972671508789,0.001546270503337766,1474.0,1474.0,1474.0,0.0,0.0,1420.0,1420.0,1420.0,0.0,0.0,0.0
0.0,0.0,1.0,0.0,0.0,0.0,0.0,1.0,0.0,0.0,0.04191303253173828,0.01047825813293457,0.0067789554595947266,0.012972116470336914,0.0027534545684504874,1474.0,1474.0,1474.0,0.0,0.0,1420.0,1420.0,1420.0,0.0,0.0,0.0
0.0,0.0,1.0,0.0,0.0,0.0,0.0,1.0,0.0,0.0,0.0545649528503418,0.01364123821258545,0.008719205856323242,0.022487878799438477,0.006389389939950096,1474.0,1474.0,1474.0,0.0,0.0,1420.0,1420.0,1420.0,0.0,0.0,0.0
0.0,0.0,1.0,0.0,0.0,0.0,0.0,1.0,0.0,0.0,0.048815011978149414,0.012203752994537354,0.008723020553588867,0.018739938735961914,0.004593757224720843,1190.0,54.0,1474.0,635.0433056099403,0.2,1136.0,0.0,1420.0,635.0433056099403,0.0,0.0
0.0,0.0,1.0,0.0,0.0,0.0,0.0,1.0,0.0,0.0,0.057914018630981445,0.014478504657745361,0.009226083755493164,0.017531871795654297,0.0036296101654936888,622.4,54.0,1474.0,777.4009904804599,0.6,568.4,0.0,1420.0,777.4009904804599,0.0,0.0
0.0,0.0,1.0,0.0,0.0,0.0,0.0,1.0,0.0,0.0,0.05755496025085449,0.014388740062713623,0.007476091384887695,0.02164602279663086,0.006741384186976811,622.0,54.0,1474.0,777.7660316573359,0.6,568.0,0.0,1420.0,777.7660316573359,0.0,0.0
0.0,0.0,1.0,0.0,0.0,0.0,0.0,1.0,0.0,0.0,0.06763505935668945,0.016908764839172363,0.012586832046508789,0.020390987396240234,0.0032286819482554626,906.0,54.0,1474.0,777.7660316573359,0.4,852.0,0.0,1420.0,777.7660316573359,0.0,0.0
0.0,0.0,1.0,0.0,0.0,0.0,0.0,1.0,0.0,0.0,0.05823707580566406,0.014559268951416016,0.008565902709960938,0.025771141052246094,0.007648331577216887,1474.0,1474.0,1474.0,0.0,0.0,1420.0,1420.0,1420.0,0.0,0.0,0.0
0.0,0.0,1.0,0.0,0.0,0.0,0.0,1.0,0.0,0.0,0.04076385498046875,0.010190963745117188,0.007319927215576172,0.014388084411621094,0.0030257255410984034,1474.0,1474.0,1474.0,0.0,0.0,1420.0,1420.0,1420.0,0.0,0.0,0.0
0.0,0.0,1.0,0.0,0.0,0.0,0.0,1.0,0.0,0.0,0.03883719444274902,0.009709298610687256,0.00701594352722168,0.014336109161376953,0.003203816711847751,1474.0,1474.0,1474.0,0.0,0.0,1420.0,1420.0,1420.0,0.0,0.0,0.0
0.0,0.0,1.0,0.0,0.0,0.0,0.0,1.0,0.0,0.0,0.04274296760559082,0.010685741901397705,0.007817983627319336,0.01211094856262207,0.002000688445819012,1190.0,54.0,1474.0,635.0433056099403,0.2,1136.0,0.0,1420.0,635.0433056099403,0.0,0.0
0.0,0.0,1.0,0.0,0.0,0.0,0.0,1.0,0.0,0.0,0.04224801063537598,0.010562002658843994,0.007297039031982422,0.013426065444946289,0.003180820215908818,1474.0,1474.0,1474.0,0.0,0.0,1420.0,1420.0,1420.0,0.0,0.0,0.0
0.0,0.0,1.0,0.0,0.0,0.0,0.0,1.0,0.0,0.0,0.03859710693359375,0.009649276733398438,0.007630109786987305,0.01265406608581543,0.0024248264507448,1474.0,1474.0,1474.0,0.0,0.0,1420.0,1420.0,1420.0,0.0,0.0,0.0
0.0,0.0,1.0,0.0,0.0,0.0,0.0,1.0,0.0,0.0,0.028768062591552734,0.007192015647888184,0.004559993743896484,0.009775876998901367,0.0022535818862770693,1190.0,54.0,1474.0,635.0433056099403,0.2,1136.0,0.0,1420.0,635.0433056099403,0.0,0.0
0.0,0.0,1.0,0.0,0.0,0.0,0.0,1.0,0.0,0.0,0.03965401649475098,0.009913504123687744,0.007736921310424805,0.01285696029663086,0.0022063598599826365,1474.0,1474.0,1474.0,0.0,0.0,1420.0,1420.0,1420.0,0.0,0.0,0.0
0.0,0.0,1.0,0.0,0.0,0.0,0.0,1.0,0.0,0.0,0.07000088691711426,0.017500221729278564,0.012553930282592773,0.023205995559692383,0.004673158821377261,622.0,54.0,1474.0,777.7660316573359,0.6,568.0,0.0,1420.0,777.7660316573359,0.0,0.0
0.0,0.0,1.0,0.0,0.0,0.0,0.0,1.0,0.0,0.0,0.05826711654663086,0.014566779136657715,0.011781930923461914,0.01887202262878418,0.0030406077753835307,906.0,54.0,1474.0,777.7660316573359,0.4,852.0,0.0,1420.0,777.7660316573359,0.0,0.0
0.0,0.0,1.0,0.0,0.0,0.0,0.0,1.0,0.0,0.0,0.04858684539794922,0.012146711349487305,0.006846189498901367,0.015453815460205078,0.004010134469432508,1474.0,1474.0,1474.0,0.0,0.0,1420.0,1420.0,1420.0,0.0,0.0,0.0
0.0,0.0,1.0,0.0,0.0,0.0,0.0,1.0,0.0,0.0,0.04531383514404297,0.011328458786010742,0.007555961608886719,0.016151905059814453,0.00368159459933532,1474.0,1474.0,1474.0,0.0,0.0,1420.0,1420.0,1420.0,0.0,0.0,0.0
0.0,0.0,1.0,0.0,0.0,0.0,0.0,1.0,0.0,0.0,0.043519020080566406,0.010879755020141602,0.00923609733581543,0.01207590103149414,0.0013713174702500869,1474.0,1474.0,1474.0,0.0,0.0,1420.0,1420.0,1420.0,0.0,0.0,0.0
0.0,0.0,1.0,0.0,0.0,0.0,0.0,1.0,0.0,0.0,0.045272111892700195,0.011318027973175049,0.007230997085571289,0.013422966003417969,0.0027749316224143987,1474.0,1474.0,1474.0,0.0,0.0,1420.0,1420.0,1420.0,0.0,0.0,0.0
0.0,0.0,1.0,0.0,0.0,0.0,0.0,1.0,0.0,0.0,0.04436302185058594,0.011090755462646484,0.004004001617431641,0.014062881469726562,0.004771418376917383,1190.0,54.0,1474.0,635.0433056099403,0.2,1136.0,0.0,1420.0,635.0433056099403,0.0,0.0
0.0,0.0,1.0,0.0,0.0,0.0,0.0,1.0,0.0,0.0,0.05630612373352051,0.014076530933380127,0.00767207145690918,0.022014856338500977,0.006196181412752242,1474.0,1474.0,1474.0,0.0,0.0,1420.0,1420.0,1420.0,0.0,0.0,0.0
0.0,0.0,1.0,0.0,0.0,0.0,0.0,1.0,0.0,0.0,0.04639601707458496,0.01159900426864624,0.00827789306640625,0.017728090286254883,0.004187740370166891,1190.0,54.0,1474.0,635.0433056099403,0.2,1136.0,0.0,1420.0,635.0433056099403,0.0,0.0
0.0,0.0,1.0,0.0,0.0,0.0,0.0,1.0,0.0,0.0,0.05854296684265137,0.014635741710662842,0.009727001190185547,0.021152973175048828,0.004969573877129142,1474.0,1474.0,1474.0,0.0,0.0,1420.0,1420.0,1420.0,0.0,0.0,0.0
0.0,0.0,1.0,0.0,0.0,0.0,0.0,1.0,0.0,0.0,0.04960894584655762,0.012402236461639404,0.010324954986572266,0.015974044799804688,0.0025570033801909993,1190.0,54.0,1474.0,635.0433056099403,0.2,1136.0,0.0,1420.0,635.0433056099403,0.0,0.0
0.0,0.0,1.0,0.0,0.0,0.0,0.0,1.0,0.0,0.0,0.041410207748413086,0.010352551937103271,0.006025075912475586,0.013583898544311523,0.003158714249255298,1190.0,54.0,1474.0,635.0433056099403,0.2,1136.0,0.0,1420.0,635.0433056099403,0.0,0.0
0.0,0.0,1.0,0.0,0.0,0.0,0.0,1.0,0.0,0.0,0.05610299110412598,0.014025747776031494,0.006530046463012695,0.019249916076660156,0.005469212207277711,1474.0,1474.0,1474.0,0.0,0.0,1420.0,1420.0,1420.0,0.0,0.0,0.0
0.0,0.0,1.0,0.0,0.0,0.0,0.0,1.0,0.0,0.0,0.046035051345825195,0.011508762836456299,0.0070569515228271484,0.01952195167541504,0.005551471842581341,1474.0,1474.0,1474.0,0.0,0.0,1420.0,1420.0,1420.0,0.0,0.0,0.0
0.0,0.0,1.0,0.0,0.0,0.0,0.0,1.0,0.0,0.0,0.04238605499267578,0.010596513748168945,0.00766301155090332,0.01423192024230957,0.002896031136205071,1190.0,54.0,1474.0,635.0433056099403,0.2,1136.0,0.0,1420.0,635.0433056099403,0.0,0.0
0.0,0.0,1.0,0.0,0.0,0.0,0.0,1.0,0.0,0.0,0.0411229133605957,0.010280728340148926,0.0059719085693359375,0.018353939056396484,0.005844337631319345,1474.0,1474.0,1474.0,0.0,0.0,1420.0,1420.0,1420.0,0.0,0.0,0.0
0.0,0.0,1.0,0.0,0.0,0.0,0.0,1.0,0.0,0.0,0.037420034408569336,0.009355008602142334,0.0077991485595703125,0.0133819580078125,0.002689069059421545,1474.0,1474.0,1474.0,0.0,0.0,1420.0,1420.0,1420.0,0.0,0.0,0.0
0.0,0.0,1.0,0.0,0.0,0.0,0.0,1.0,0.0,0.0,0.04930996894836426,0.012327492237091064,0.011030912399291992,0.01460719108581543,0.0016288992341520557,1474.0,1474.0,1474.0,0.0,0.0,1420.0,1420.0,1420.0,0.0,0.0,0.0
0.0,0.0,1.0,0.0,0.0,0.0,0.0,1.0,0.0,0.0,0.04867410659790039,0.012168526649475098,0.008877992630004883,0.014307975769042969,0.0023597777495149128,1474.0,1474.0,1474.0,0.0,0.0,1420.0,1420.0,1420.0,0.0,0.0,0.0
0.0,0.0,1.0,0.0,0.0,0.0,0.0,1.0,0.0,0.0,0.056413888931274414,0.014103472232818604,0.009092092514038086,0.021370887756347656,0.005198590523666877,1190.0,54.0,1474.0,635.0433056099403,0.2,1136.0,0.0,1420.0,635.0433056099403,0.0,0.0
0.0,0.0,1.0,0.0,0.0,0.0,0.0,1.0,0.0,0.0,0.06007814407348633,0.015019536018371582,0.007524013519287109,0.02309703826904297,0.007832417722616999,906.0,54.0,1474.0,777.7660316573359,0.4,852.0,0.0,1420.0,777.7660316573359,0.0,0.0
0.0,0.0,1.0,0.0,0.0,0.0,0.0,1.0,0.0,0.0,0.048049211502075195,0.012012302875518799,0.007215976715087891,0.014722108840942383,0.0033889663626253015,1474.0,1474.0,1474.0,0.0,0.0,1420.0,1420.0,1420.0,0.0,0.0,0.0
0.0,0.0,1.0,0.0,0.0,0.0,0.0,1.0,0.0,0.0,0.05454897880554199,0.013637244701385498,0.009328126907348633,0.018985986709594727,0.004270658964421755,1474.0,1474.0,1474.0,0.0,0.0,1420.0,1420.0,1420.0,0.0,0.0,0.0
0.0,0.0,1.0,0.0,0.0,0.0,0.0,1.0,0.0,0.0,0.05765509605407715,0.014413774013519287,0.011094808578491211,0.01729607582092285,0.0026097590217478784,1474.0,1474.0,1474.0,0.0,0.0,1420.0,1420.0,1420.0,0.0,0.0,0.0
0.0,0.0,1.0,0.0,0.0,0.0,0.0,1.0,0.0,0.0,0.05548095703125,0.0138702392578125,0.010935068130493164,0.018785953521728516,0.0034054492631626263,1474.0,1474.0,1474.0,0.0,0.0,1420.0,1420.0,1420.0,0.0,0.0,0.0
0.0,0.0,1.0,0.0,0.0,0.0,0.0,1.0,0.0,0.0,0.06799602508544922,0.016999006271362305,0.013013124465942383,0.021019935607910156,0.0033051608377264665,1190.0,54.0,1474.0,635.0433056099403,0.2,1136.0,0.0,1420.0,635.0433056099403,0.0,0.0
0.0,0.0,1.0,0.0,0.0,0.0,0.0,1.0,0.0,0.0,0.04904890060424805,0.012262225151062012,0.008735895156860352,0.019433021545410156,0.005013760651305879,1474.0,1474.0,1474.0,0.0,0.0,1420.0,1420.0,1420.0,0.0,0.0,0.0
0.0,0.0,1.0,0.0,0.0,0.0,0.0,1.0,0.0,0.0,0.04026007652282715,0.010065019130706787,0.006958961486816406,0.012429952621459961,0.0025424722103126237,1474.0,1474.0,1474.0,0.0,0.0,1420.0,1420.0,1420.0,0.0,0.0,0.0
0.0,0.0,1.0,0.0,0.0,0.0,0.0,1.0,0.0,0.0,0.04865384101867676,0.01216346025466919,0.009749889373779297,0.01612401008605957,0.0029501109472603727,1474.0,1474.0,1474.0,0.0,0.0,1420.0,1420.0,1420.0,0.0,0.0,0.0
0.0,0.0,1.0,0.0,0.0,0.0,0.0,1.0,0.0,0.0,0.04131197929382324,0.01032799482345581,0.007848978042602539,0.01656198501586914,0.004170870174741567,1474.0,1474.0,1474.0,0.0,0.0,1420.0,1420.0,1420.0,0.0,0.0,0.0
0.0,0.0,1.0,0.0,0.0,0.0,0.0,1.0,0.0,0.0,0.04582810401916504,0.01145702600479126,0.009225130081176758,0.01551198959350586,0.0028105938062612124,338.4,54.0,1474.0,634.8198957184627,0.8,284.4,0.0,1420.0,634.8198957184627,0.0,0.0
0.0,0.0,1.0,0.0,0.0,0.0,0.0,1.0,0.0,0.0,0.05738520622253418,0.014346301555633545,0.009569168090820312,0.017791032791137695,0.0035373020644000825,906.0,54.0,1474.0,777.7660316573359,0.4,852.0,0.0,1420.0,777.7660316573359,0.0,0.0
0.0,0.0,1.0,0.0,0.0,0.0,0.0,1.0,0.0,0.0,0.042893171310424805,0.010723292827606201,0.007214069366455078,0.016731977462768555,0.004150478092502121,1474.0,1474.0,1474.0,0.0,0.0,1420.0,1420.0,1420.0,0.0,0.0,0.0
0.0,0.0,1.0,0.0,0.0,0.0,0.0,1.0,0.0,0.0,0.04216599464416504,0.01054149866104126,0.008502960205078125,0.013921976089477539,0.002401318586292926,1474.0,1474.0,1474.0,0.0,0.0,1420.0,1420.0,1420.0,0.0,0.0,0.0
0.0,0.0,1.0,0.0,0.0,0.0,0.0,1.0,0.0,0.0,0.03963494300842285,0.009908735752105713,0.006873130798339844,0.014607906341552734,0.003355841603403762,1474.0,1474.0,1474.0,0.0,0.0,1420.0,1420.0,1420.0,0.0,0.0,0.0
0.0,0.0,1.0,0.0,0.0,0.0,0.0,1.0,0.0,0.0,0.0462031364440918,0.01155078411102295,0.00409698486328125,0.01701807975769043,0.005577516660555045,1190.0,54.0,1474.0,635.0433056099403,0.2,1136.0,0.0,1420.0,635.0433056099403,0.0,0.0
0.0,0.0,1.0,0.0,0.0,0.0,0.0,1.0,0.0,0.0,0.042387962341308594,0.010596990585327148,0.009169816970825195,0.011713027954101562,0.0011881597324904965,1474.0,1474.0,1474.0,0.0,0.0,1420.0,1420.0,1420.0,0.0,0.0,0.0
0.0,0.0,1.0,0.0,0.0,0.0,0.0,1.0,0.0,0.0,0.03804898262023926,0.009512245655059814,0.006999969482421875,0.01188802719116211,0.002273442186260146,1474.0,1474.0,1474.0,0.0,0.0,1420.0,1420.0,1420.0,0.0,0.0,0.0
0.0,0.0,1.0,0.0,0.0,0.0,0.0,1.0,0.0,0.0,0.04100179672241211,0.010250449180603027,0.008923053741455078,0.01246500015258789,0.0016622072840309793,1474.0,1474.0,1474.0,0.0,0.0,1420.0,1420.0,1420.0,0.0,0.0,0.0
0.0,0.0,1.0,0.0,0.0,0.0,0.0,1.0,0.0,0.0,0.038240909576416016,0.009560227394104004,0.006124019622802734,0.01249384880065918,0.002789379281073767,1474.0,1474.0,1474.0,0.0,0.0,1420.0,1420.0,1420.0,0.0,0.0,0.0
0.0,0.0,1.0,0.0,0.0,0.0,0.0,1.0,0.0,0.0,0.04141998291015625,0.010354995727539062,0.008311986923217773,0.0132598876953125,0.0021964433288840985,906.2,54.0,1474.0,777.4922507652407,0.4,852.2,0.0,1420.0,777.4922507652407,0.0,0.0
0.0,0.0,1.0,0.0,0.0,0.0,0.0,1.0,0.0,0.0,0.054154157638549805,0.013538539409637451,0.00816202163696289,0.025957107543945312,0.008342839565406929,906.0,54.0,1474.0,777.7660316573359,0.4,852.0,0.0,1420.0,777.7660316573359,0.0,0.0
0.0,0.0,1.0,0.0,0.0,0.0,0.0,1.0,0.0,0.0,0.04107213020324707,0.010268032550811768,0.006124019622802734,0.01246500015258789,0.002940154197810169,1474.0,1474.0,1474.0,0.0,0.0,1420.0,1420.0,1420.0,0.0,0.0,0.0
0.0,0.0,1.0,0.0,0.0,0.0,0.0,1.0,0.0,0.0,0.04413199424743652,0.01103299856185913,0.0072479248046875,0.015687942504882812,0.004037885860132364,1474.0,1474.0,1474.0,0.0,0.0,1420.0,1420.0,1420.0,0.0,0.0,0.0
0.0,0.0,1.0,0.0,0.0,0.0,0.0,1.0,0.0,0.0,0.038680076599121094,0.009670019149780273,0.007385969161987305,0.012081146240234375,0.002313234718317106,1474.0,1474.0,1474.0,0.0,0.0,1420.0,1420.0,1420.0,0.0,0.0,0.0
0.0,0.0,1.0,0.0,0.0,0.0,0.0,1.0,0.0,0.0,0.03943514823913574,0.009858787059783936,0.0071980953216552734,0.013459920883178711,0.002615881049593983,1190.0,54.0,1474.0,635.0433056099403,0.2,1136.0,0.0,1420.0,635.0433056099403,0.0,0.0
0.0,0.0,1.0,0.0,0.0,0.0,0.0,1.0,0.0,0.0,0.04242515563964844,0.01060628890991211,0.008434057235717773,0.012868881225585938,0.0018637656071621603,1474.0,1474.0,1474.0,0.0,0.0,1420.0,1420.0,1420.0,0.0,0.0,0.0
0.0,0.0,1.0,0.0,0.0,0.0,0.0,1.0,0.0,0.0,0.037904977798461914,0.009476244449615479,0.006909847259521484,0.013164997100830078,0.0026387751750782127,1474.0,1474.0,1474.0,0.0,0.0,1420.0,1420.0,1420.0,0.0,0.0,0.0
0.0,0.0,1.0,0.0,0.0,0.0,0.0,1.0,0.0,0.0,0.038266897201538086,0.009566724300384521,0.007134914398193359,0.011878013610839844,0.001954182137318623,1474.0,1474.0,1474.0,0.0,0.0,1420.0,1420.0,1420.0,0.0,0.0,0.0
0.0,0.0,1.0,0.0,0.0,0.0,0.0,1.0,0.0,0.0,0.04490494728088379,0.011226236820220947,0.008442878723144531,0.017065048217773438,0.003947316175948736,1474.0,1474.0,1474.0,0.0,0.0,1420.0,1420.0,1420.0,0.0,0.0,0.0
0.0,0.0,1.0,0.0,0.0,0.0,0.0,1.0,0.0,0.0,0.06928801536560059,0.017322003841400146,0.009276866912841797,0.03210806846618652,0.010105077438939387,906.0,54.0,1474.0,777.7660316573359,0.4,852.0,0.0,1420.0,777.7660316573359,0.0,0.0
0.0,0.0,1.0,0.0,0.0,0.0,0.0,1.0,0.0,0.0,0.04567098617553711,0.011417746543884277,0.009837150573730469,0.015315055847167969,0.002616010044576702,1474.0,1474.0,1474.0,0.0,0.0,1420.0,1420.0,1420.0,0.0,0.0,0.0
0.0,0.0,1.0,0.0,0.0,0.0,0.0,1.0,0.0,0.0,0.05556607246398926,0.013891518115997314,0.011038064956665039,0.019031047821044922,0.0037137929822477957,1474.0,1474.0,1474.0,0.0,0.0,1420.0,1420.0,1420.0,0.0,0.0,0.0
0.0,0.0,1.0,0.0,0.0,0.0,0.0,1.0,0.0,0.0,0.07647299766540527,0.01911824941635132,0.01205301284790039,0.03529715538024902,0.010967407521576504,1474.0,1474.0,1474.0,0.0,0.0,1420.0,1420.0,1420.0,0.0,0.0,0.0
0.0,0.0,1.0,0.0,0.0,0.0,0.0,1.0,0.0,0.0,0.04279494285583496,0.01069873571395874,0.008105993270874023,0.012906789779663086,0.001973112897962816,1474.0,1474.0,1474.0,0.0,0.0,1420.0,1420.0,1420.0,0.0,0.0,0.0
0.0,0.0,1.0,0.0,0.0,0.0,0.0,1.0,0.0,0.0,0.0428621768951416,0.0107155442237854,0.006125211715698242,0.015392065048217773,0.004421637233999669,1190.0,54.0,1474.0,635.0433056099403,0.2,1136.0,0.0,1420.0,635.0433056099403,0.0,0.0
0.0,0.0,1.0,0.0,0.0,0.0,0.0,1.0,0.0,0.0,0.033538103103637695,0.008384525775909424,0.006298065185546875,0.010154962539672852,0.001844187578742779,1474.0,1474.0,1474.0,0.0,0.0,1420.0,1420.0,1420.0,0.0,0.0,0.0
0.0,0.0,1.0,0.0,0.0,0.0,0.0,1.0,0.0,0.0,0.04941582679748535,0.012353956699371338,0.0072231292724609375,0.022380828857421875,0.006816153491653797,1474.0,1474.0,1474.0,0.0,0.0,1420.0,1420.0,1420.0,0.0,0.0,0.0
0.0,0.0,1.0,0.0,0.0,0.0,0.0,1.0,0.0,0.0,0.0416259765625,0.010406494140625,0.008636951446533203,0.012773990631103516,0.0017550465620542611,1474.0,1474.0,1474.0,0.0,0.0,1420.0,1420.0,1420.0,0.0,0.0,0.0
0.0,0.0,1.0,0.0,0.0,0.0,0.0,1.0,0.0,0.0,0.04036712646484375,0.010091781616210938,0.0066950321197509766,0.017241954803466797,0.004912511144020896,1474.0,1474.0,1474.0,0.0,0.0,1420.0,1420.0,1420.0,0.0,0.0,0.0
